prompt_id,method,worker,image_reward,elapsed_s,online_reward_s,peak_vram_gib,logical_unet_evals,batched_verifier_calls,verifier_candidate_scores,winner_id,hps,geneval,geneval_reason,prompt,tag
0,ours,0,0.693140983581543,36.80313419200013,2.8902334379999957,5.372836112976074,247,2,11,1,0.2849693596363067,1.0,,a photo of a bench,single_object
0,psp,0,0.7070609331130981,35.18889640400005,3.398267232999956,5.245241165161133,256,3,14,1,0.2875547111034393,1.0,,a photo of a bench,single_object
2,ours,0,0.9235195517539978,39.25277986900005,3.027052122999976,5.372836112976074,247,2,11,8,0.262392520904541,1.0,,a photo of a bicycle,single_object
2,psp,0,0.8575735092163086,42.86280214499993,4.159469719000072,5.245241165161133,256,3,14,4,0.2785940170288086,1.0,,a photo of a bicycle,single_object
4,ours,0,0.7928218841552734,39.65351924799984,3.072156688999712,5.372836112976074,247,2,11,1,0.3059625923633575,1.0,,a photo of a carrot,single_object
4,psp,0,0.7919749617576599,41.92060944800005,4.029340269999921,5.245241165161133,256,3,14,1,0.3057502806186676,1.0,,a photo of a carrot,single_object
6,ours,0,0.7589395642280579,39.86985637000021,3.0934543880000547,5.372836112976074,247,2,11,7,0.3057804107666015,1.0,,a photo of a fork,single_object
6,psp,0,0.7571509480476379,41.70456345100001,3.9705620089998774,5.245241165161133,256,3,14,7,0.3057936728000641,1.0,,a photo of a fork,single_object
8,ours,0,0.4689510464668274,39.557310415000074,3.081861212999911,5.372836112976074,247,2,11,3,0.2378639876842498,1.0,,a photo of a refrigerator,single_object
8,psp,0,0.49280959367752075,41.58770981900011,3.93350403799991,5.245241165161133,256,3,14,3,0.2368662357330322,1.0,,a photo of a refrigerator,single_object
10,ours,0,0.7186825275421143,39.766281461999824,3.088697284000091,5.372836112976074,247,2,11,0,0.24691903591156,1.0,,a photo of a microwave,single_object
10,psp,0,0.6584400534629822,41.58761308499993,3.9536550029999944,5.245241165161133,256,3,14,0,0.2331151962280273,1.0,,a photo of a microwave,single_object
12,ours,0,-0.04714685305953026,39.808360641000036,3.103009062999945,5.372836112976074,247,2,11,1,0.2852565050125122,1.0,,a photo of a snowboard,single_object
12,psp,0,-0.005349518731236458,41.734203193999974,3.973656950999839,5.245241165161133,256,3,14,1,0.283009260892868,1.0,,a photo of a snowboard,single_object
14,ours,0,1.0027174949645996,39.85282936599992,3.1028964009999527,5.372836112976074,247,2,11,2,0.2383815944194793,1.0,,a photo of a parking meter,single_object
14,psp,0,0.8589687943458557,41.821511883000085,3.982805757999813,5.245241165161133,256,3,14,2,0.2320860773324966,1.0,,a photo of a parking meter,single_object
16,ours,0,0.7985964417457581,39.83527560599987,3.109475207000287,5.372836112976074,247,2,11,4,0.2840080261230469,1.0,,a photo of a skateboard,single_object
16,psp,0,0.7887522578239441,41.829373899000075,3.9778359699998873,5.245241165161133,256,3,14,3,0.2654364109039306,1.0,,a photo of a skateboard,single_object
18,ours,0,0.6371911764144897,39.85445373099992,3.105324514000131,5.372836112976074,247,2,11,6,0.2577535808086395,1.0,,a photo of a motorcycle,single_object
18,psp,0,0.6424683928489685,41.82929467199983,3.977774947000171,5.245241165161133,256,3,14,6,0.2584881782531738,1.0,,a photo of a motorcycle,single_object
20,ours,0,0.8465842604637146,39.82831443000009,3.0978765120000844,5.372836112976074,247,2,11,2,0.2638986706733703,1.0,,a photo of a book,single_object
20,psp,0,0.8602855801582336,41.81178697900009,3.96785718000001,5.245241165161133,256,3,14,2,0.2637499570846557,1.0,,a photo of a book,single_object
22,ours,0,0.30880504846572876,39.87205328699997,3.109604235999768,5.372836112976074,247,2,11,8,0.2507749497890472,1.0,,a photo of a backpack,single_object
22,psp,0,0.47430333495140076,41.76933738399998,3.9856941629998346,5.245241165161133,256,3,14,4,0.2788474559783935,1.0,,a photo of a backpack,single_object
24,ours,0,1.253770112991333,39.77227207299984,3.0904249539999,5.372836112976074,247,2,11,7,0.3087083697319031,1.0,,a photo of a toaster,single_object
24,psp,0,1.2524778842926025,41.765989097999864,3.972745502999942,5.245241165161133,256,3,14,7,0.3087195158004761,1.0,,a photo of a toaster,single_object
26,ours,0,0.409782350063324,39.809054279000065,3.103284973999962,5.372836112976074,247,2,11,2,0.2429841756820678,1.0,,a photo of a bowl,single_object
26,psp,0,0.41115567088127136,41.752898332000086,3.9779274470001837,5.245241165161133,256,3,14,2,0.2429113090038299,1.0,,a photo of a bowl,single_object
28,ours,0,0.743469774723053,39.86784788700015,3.104117243000019,5.372836112976074,247,2,11,6,0.2625700235366821,1.0,,a photo of a tie,single_object
28,psp,0,0.8917824625968933,41.8403982939999,3.9785006930001146,5.245241165161133,256,3,14,4,0.2624067068099975,1.0,,a photo of a tie,single_object
30,ours,0,0.5800268054008484,39.81768760800014,3.0961091389999638,5.372836112976074,247,2,11,4,0.279746949672699,1.0,,a photo of a computer mouse,single_object
30,psp,0,0.570054829120636,41.78928569599975,3.970984158000192,5.245241165161133,256,3,14,4,0.2798614501953125,1.0,,a photo of a computer mouse,single_object
32,ours,0,0.9125747084617615,39.802468314999714,3.107023396999921,5.372836112976074,247,2,11,4,0.2120835185050964,1.0,,a photo of a baseball bat,single_object
32,psp,0,0.9179650545120239,41.74132862999977,3.9730534410000473,5.245241165161133,256,3,14,4,0.2122842520475387,1.0,,a photo of a baseball bat,single_object
34,ours,0,0.4134700298309326,39.821337092999784,3.0985899890001747,5.372836112976074,247,2,11,2,0.2592270970344543,1.0,,a photo of a cell phone,single_object
34,psp,0,0.4128880202770233,41.84782475200018,3.983681512000203,5.245241165161133,256,3,14,2,0.2591477036476135,1.0,,a photo of a cell phone,single_object
36,ours,0,0.5747378468513489,39.8016293820001,3.0875016780000806,5.372836112976074,247,2,11,4,0.2481717467308044,1.0,,a photo of a tv,single_object
36,psp,0,0.5370630025863647,41.75748467199992,3.9642537079998874,5.245241165161133,256,3,14,4,0.2497316002845764,1.0,,a photo of a tv,single_object
38,ours,0,0.4618293046951294,39.8061407780001,3.0942530010001974,5.372836112976074,247,2,11,8,0.25724658370018,1.0,,a photo of a bed,single_object
38,psp,0,0.3747069239616394,41.808585313000094,3.9693265699997937,5.245241165161133,256,3,14,7,0.2476927489042282,1.0,,a photo of a bed,single_object
40,ours,0,0.7187572717666626,39.84905341700005,3.1011830409997856,5.372836112976074,247,2,11,0,0.2825624048709869,1.0,,a photo of a handbag,single_object
40,psp,0,0.7168508768081665,41.84810096499996,3.981176048999714,5.245241165161133,256,3,14,0,0.2819942235946655,1.0,,a photo of a handbag,single_object
42,ours,0,0.6184936761856079,39.841359447000286,3.1048335469999984,5.372836112976074,247,2,11,1,0.2459333539009094,1.0,,a photo of a frisbee,single_object
42,psp,0,0.6109118461608887,41.82686421700009,3.9756168489998345,5.245241165161133,256,3,14,1,0.2458582520484924,1.0,,a photo of a frisbee,single_object
44,ours,0,0.8242992162704468,39.84017156600021,3.1025576490001185,5.372836112976074,247,2,11,5,0.2492696493864059,1.0,,a photo of a bottle,single_object
44,psp,0,0.808937668800354,41.78828460700015,3.9833276670001396,5.245241165161133,256,3,14,5,0.2491946518421173,1.0,,a photo of a bottle,single_object
46,ours,0,0.39910057187080383,39.82210055099995,3.0992217890002394,5.372836112976074,247,2,11,8,0.2653880417346954,1.0,,a photo of a toilet,single_object
46,psp,0,0.22263240814208984,41.897144130000015,3.978819107000163,5.245241165161133,256,3,14,4,0.2681430578231811,1.0,,a photo of a toilet,single_object
48,ours,0,1.0798165798187256,39.85206093299985,3.107268320000003,5.372836112976074,247,2,11,7,0.2646482586860657,1.0,,a photo of an orange,single_object
48,psp,0,1.0746753215789795,41.78274445800025,3.972321464000288,5.245241165161133,256,3,14,7,0.2646885812282562,1.0,,a photo of an orange,single_object
50,ours,0,0.7778090834617615,39.83598827500009,3.1086961189998874,5.372836112976074,247,2,11,4,0.2907620072364807,1.0,,a photo of a teddy bear,single_object
50,psp,0,0.9876049757003784,41.787811229,3.9804796010002974,5.245241165161133,256,3,14,1,0.3086162209510803,1.0,,a photo of a teddy bear,single_object
52,ours,0,0.32590168714523315,39.84176136799988,3.0967170379999516,5.372836112976074,247,2,11,7,0.2688305974006653,1.0,,a photo of a banana,single_object
52,psp,0,0.3177260160446167,41.7907675309998,3.973515036999288,5.245241165161133,256,3,14,7,0.2690913677215576,1.0,,a photo of a banana,single_object
54,ours,0,0.6158483028411865,39.83770414699984,3.095208781999645,5.372836112976074,247,2,11,1,0.2848432064056396,1.0,,a photo of a tv remote,single_object
54,psp,0,0.618441641330719,41.79714598500004,3.965277461999449,5.245241165161133,256,3,14,1,0.2847520709037781,1.0,,a photo of a tv remote,single_object
56,ours,0,0.7384167313575745,39.82166537399962,3.094385047000287,5.372836112976074,247,2,11,3,0.2690532803535461,1.0,,a photo of a stop sign,single_object
56,psp,0,0.8519145846366882,41.81647724000004,3.9731298090000564,5.245241165161133,256,3,14,6,0.2924301624298095,1.0,,a photo of a stop sign,single_object
58,ours,0,0.8341608047485352,39.82289063999997,3.095349306999651,5.372836112976074,247,2,11,2,0.2683833837509155,1.0,,a photo of a fire hydrant,single_object
58,psp,0,0.891957700252533,41.80645565399982,3.971234825000465,5.245241165161133,256,3,14,0,0.2575594782829284,1.0,,a photo of a fire hydrant,single_object
60,ours,0,1.19443678855896,39.77133829600007,3.0913681619999807,5.372836112976074,247,2,11,0,0.2973285913467407,1.0,,a photo of a giraffe,single_object
60,psp,0,1.1824584007263184,41.77145358300004,3.962027352000405,5.245241165161133,256,3,14,0,0.2979010343551636,1.0,,a photo of a giraffe,single_object
62,ours,0,0.49488648772239685,39.8164308989999,3.102084036999713,5.372836112976074,247,2,11,5,0.2754000425338745,1.0,,a photo of a cat,single_object
62,psp,0,0.42670416831970215,41.76964546799991,3.972505677999834,5.245241165161133,256,3,14,5,0.2758023142814636,1.0,,a photo of a cat,single_object
64,ours,0,0.6069949269294739,39.79939686800026,3.0995566930000678,5.372836112976074,247,2,11,0,0.2855879068374634,1.0,,a photo of a boat,single_object
64,psp,0,0.6054835319519043,41.82368982199978,3.974626439000076,5.245241165161133,256,3,14,0,0.2858424484729767,1.0,,a photo of a boat,single_object
66,ours,0,1.337262749671936,39.78693290299998,3.103767341000548,5.372836112976074,247,2,11,4,0.2533339858055115,1.0,,a photo of a hair drier,single_object
66,psp,0,1.3147321939468384,41.80201039900021,3.972867701999803,5.245241165161133,256,3,14,4,0.2540759742259979,1.0,,a photo of a hair drier,single_object
68,ours,0,0.20043960213661194,39.825356891999945,3.1042598470003213,5.372836112976074,247,2,11,8,0.2335110753774643,1.0,,a photo of a cake,single_object
68,psp,0,0.23944491147994995,41.78304149700034,3.9792282599996724,5.245241165161133,256,3,14,6,0.2474958151578903,1.0,,a photo of a cake,single_object
70,ours,0,1.2080087661743164,39.80801533800013,3.095009077999748,5.372836112976074,247,2,11,3,0.2771577835083008,1.0,,a photo of an apple,single_object
70,psp,0,1.1824252605438232,41.786962945999676,3.9689358839991655,5.245241165161133,256,3,14,3,0.2769166827201843,1.0,,a photo of an apple,single_object
72,ours,0,1.0253937244415283,39.8482563980001,3.1024199369999224,5.372836112976074,247,2,11,8,0.2789945602416992,1.0,,a photo of a tennis racket,single_object
72,psp,0,1.3049490451812744,41.83806757100001,3.9832395660000657,5.245241165161133,256,3,14,1,0.2748111188411712,1.0,,a photo of a tennis racket,single_object
74,ours,0,0.4003956913948059,39.853511726000306,3.1000215109997953,5.372836112976074,247,2,11,5,0.299635648727417,1.0,,a photo of a hot dog,single_object
74,psp,0,0.39684274792671204,41.85405920099993,3.9761213599995244,5.245241165161133,256,3,14,5,0.2996306121349334,1.0,,a photo of a hot dog,single_object
76,ours,0,0.7233518958091736,39.82143629799975,3.1034602119998453,5.372836112976074,247,2,11,7,0.2729217112064361,1.0,,a photo of an umbrella,single_object
76,psp,0,0.3888565003871918,41.75882860499951,3.9781226760005666,5.245241165161133,256,3,14,0,0.2404117733240127,1.0,,a photo of an umbrella,single_object
78,ours,0,0.5022674798965454,39.83428961700065,3.1057339290000527,5.372836112976074,247,2,11,7,0.2917611598968506,1.0,,a photo of a bear,single_object
78,psp,0,0.5865902304649353,41.823171828999875,3.9802043700001377,5.245241165161133,256,3,14,0,0.2620307207107544,1.0,,a photo of a bear,single_object
80,ours,0,1.168733835220337,39.78499185600049,3.098803185000179,5.372836112976074,247,2,11,1,0.2677211761474609,1.0,,a photo of a bench and a sports ball,two_object
80,psp,0,1.1715474128723145,41.775999267999396,3.966436082000655,5.245241165161133,256,3,14,1,0.2675038576126098,1.0,,a photo of a bench and a sports ball,two_object
82,ours,0,1.2059614658355713,39.80276079400028,3.09803012500106,5.372836112976074,247,2,11,4,0.2629095315933227,1.0,,a photo of a toaster and an oven,two_object
82,psp,0,1.1857420206069946,41.78423017299974,3.9683036310007083,5.245241165161133,256,3,14,4,0.2605078220367431,1.0,,a photo of a toaster and an oven,two_object
84,ours,0,1.883125901222229,39.824505384000076,3.1010689900003854,5.372836112976074,247,2,11,0,0.2782366871833801,1.0,,a photo of a tennis racket and a wine glass,two_object
84,psp,0,1.88259756565094,41.80972915999973,3.9786161419988275,5.245241165161133,256,3,14,0,0.2785794138908386,1.0,,a photo of a tennis racket and a wine glass,two_object
86,ours,0,1.8852046728134155,39.77718221400028,3.086542081000516,5.372836112976074,247,2,11,0,0.2958097755908966,0.0,"expected hair drier>=1, found 0",a photo of a hair drier and a cake,two_object
86,psp,0,1.8760322332382202,41.8431967030001,3.970414374000029,5.245241165161133,256,3,14,4,0.288400262594223,0.0,"expected hair drier>=1, found 0",a photo of a hair drier and a cake,two_object
88,ours,0,1.9214024543762207,39.602191459000096,3.081604984000478,5.372836112976074,247,2,11,1,0.310153067111969,1.0,,a photo of a horse and a computer keyboard,two_object
88,psp,0,1.9307011365890503,41.53180998100015,3.9389381790006155,5.245241165161133,256,3,14,2,0.3035821616649627,1.0,,a photo of a horse and a computer keyboard,two_object
90,ours,0,1.2717297077178955,39.809644891999596,3.101341628999762,5.372836112976074,247,2,11,8,0.2540362477302551,0.0,"expected zebra>=1, found 0",a photo of a cake and a zebra,two_object
90,psp,0,1.0152181386947632,41.7184855229998,3.968664711001111,5.245241165161133,256,3,14,7,0.2790340185165405,1.0,,a photo of a cake and a zebra,two_object
92,ours,0,1.2106342315673828,39.87399777799965,3.1188628629997766,5.372836112976074,247,2,11,4,0.2564324736595154,1.0,,a photo of a knife and a zebra,two_object
92,psp,0,1.8033416271209717,41.80589484399934,3.983794933000354,5.245241165161133,256,3,14,7,0.3195093870162964,1.0,,a photo of a knife and a zebra,two_object
94,ours,0,0.870753288269043,39.85407138800019,3.0994850040005986,5.372836112976074,247,2,11,2,0.3026745319366455,0.0,"expected frisbee>=1, found 0",a photo of a frisbee and a vase,two_object
94,psp,0,0.8476194143295288,41.81122573399989,3.9743008330005978,5.245241165161133,256,3,14,2,0.3027836680412292,0.0,"expected frisbee>=1, found 0",a photo of a frisbee and a vase,two_object
96,ours,0,1.713924765586853,39.87540414100022,3.1031770859999597,5.372836112976074,247,2,11,5,0.3145631849765777,1.0,,a photo of a dining table and a bear,two_object
96,psp,0,1.7190430164337158,41.821448085000156,3.9835089440002776,5.245241165161133,256,3,14,5,0.3148403465747833,1.0,,a photo of a dining table and a bear,two_object
98,ours,0,1.835580825805664,39.82185644200035,3.1049081619994467,5.372836112976074,247,2,11,4,0.3140836954116821,1.0,,a photo of a couch and a horse,two_object
98,psp,0,1.8457759618759155,41.848637694999525,3.979993521000324,5.245241165161133,256,3,14,0,0.30583256483078,1.0,,a photo of a couch and a horse,two_object
100,ours,0,1.4687621593475342,39.550744212999234,3.0636083310000686,5.372836112976074,247,2,11,5,0.2485987842082977,1.0,,a photo of a bottle and a refrigerator,two_object
100,psp,0,1.473001480102539,41.66130525399967,3.9469014299993432,5.245241165161133,256,3,14,5,0.2482462376356125,1.0,,a photo of a bottle and a refrigerator,two_object
102,ours,0,-0.0036659378092736006,39.59643626400066,3.081804634000946,5.372836112976074,247,2,11,3,0.2305582761764526,0.0,"expected cake>=1, found 0",a photo of a skateboard and a cake,two_object
102,psp,0,0.1408613920211792,41.39182915800029,3.930848033000075,5.245241165161133,256,3,14,3,0.2293018102645874,0.0,"expected cake>=1, found 0",a photo of a skateboard and a cake,two_object
104,ours,0,-1.9570633172988892,39.85229261599943,3.1004020460013635,5.372836112976074,247,2,11,3,0.2168107479810714,0.0,"expected bed>=1, found 0",a photo of a zebra and a bed,two_object
104,psp,0,-1.7840749025344849,41.70372908000081,3.976255635999223,5.245241165161133,256,3,14,2,0.2137495875358581,0.0,"expected bed>=1, found 0",a photo of a zebra and a bed,two_object
106,ours,0,-0.6382636427879333,39.95181760600008,3.1153997860001255,5.372836112976074,247,2,11,7,0.2558065056800842,0.0,"expected baseball bat>=1, found 0",a photo of a baseball bat and a fork,two_object
106,psp,0,-0.6031178832054138,41.8974152969995,3.989502375000484,5.245241165161133,256,3,14,4,0.1879206001758575,0.0,"expected fork>=1, found 0",a photo of a baseball bat and a fork,two_object
108,ours,0,-0.522251546382904,39.71568539600048,3.0917323369994847,5.372836112976074,247,2,11,3,0.248831108212471,0.0,"expected sink>=1, found 0",a photo of a skateboard and a sink,two_object
108,psp,0,-0.6724973320960999,41.80147723299979,3.9731072069998845,5.245241165161133,256,3,14,1,0.2843682467937469,0.0,"expected skateboard>=1, found 0",a photo of a skateboard and a sink,two_object
110,ours,0,0.9163113236427307,39.67738252899926,3.090060891999201,5.372836112976074,247,2,11,1,0.2562395930290222,1.0,,a photo of a bowl and a pizza,two_object
110,psp,0,0.9391207098960876,41.52967143299975,3.9467081540005893,5.245241165161133,256,3,14,1,0.2561855912208557,1.0,,a photo of a bowl and a pizza,two_object
112,ours,0,1.9028929471969604,39.78834087799987,3.106227399999625,5.372836112976074,247,2,11,5,0.3089394569396972,1.0,,a photo of a wine glass and a bear,two_object
112,psp,0,1.9017298221588135,41.69752240300022,3.9615880780002044,5.245241165161133,256,3,14,5,0.3091106116771698,1.0,,a photo of a wine glass and a bear,two_object
114,ours,0,1.7153633832931519,39.880502255000465,3.1067919500001153,5.372836112976074,247,2,11,1,0.2896567583084106,1.0,,a photo of a scissors and a bowl,two_object
114,psp,0,1.7104934453964233,41.80226618500001,3.9853043429993704,5.245241165161133,256,3,14,1,0.2889862358570099,1.0,,a photo of a scissors and a bowl,two_object
116,ours,0,0.7614244222640991,39.89002022100067,3.098360806000528,5.372836112976074,247,2,11,7,0.2470495700836181,0.0,"expected stop sign>=1, found 0",a photo of a stop sign and a bottle,two_object
116,psp,0,1.302180528640747,41.81041769999956,3.9703055899999526,5.245241165161133,256,3,14,2,0.2746093273162842,1.0,,a photo of a stop sign and a bottle,two_object
118,ours,0,1.36923348903656,39.750987445000646,3.085613048000596,5.372836112976074,247,2,11,0,0.2912018895149231,1.0,,a photo of a person and a bear,two_object
118,psp,0,1.3668185472488403,41.8695515899999,3.992222667000533,5.245241165161133,256,3,14,0,0.2914279103279114,1.0,,a photo of a person and a bear,two_object
120,ours,0,1.8358092308044434,39.528106056999604,3.068467787999907,5.372836112976074,247,2,11,6,0.2975029945373535,1.0,,a photo of a parking meter and a teddy bear,two_object
120,psp,0,1.8325536251068115,41.49409383799957,3.9459860510005456,5.245241165161133,256,3,14,6,0.2976897358894348,1.0,,a photo of a parking meter and a teddy bear,two_object
122,ours,0,1.7879923582077026,39.694714979999844,3.0848058120000132,5.372836112976074,247,2,11,7,0.2726439833641052,1.0,,a photo of a stop sign and a motorcycle,two_object
122,psp,0,1.7870957851409912,41.395572348000314,3.9345369089996893,5.245241165161133,256,3,14,7,0.2719856798648834,1.0,,a photo of a stop sign and a motorcycle,two_object
124,ours,0,1.7602685689926147,39.83539557600034,3.1012240219997693,5.372836112976074,247,2,11,5,0.2894169092178345,1.0,,a photo of a scissors and a sandwich,two_object
124,psp,0,1.7564510107040405,41.74547064000035,3.980980334999913,5.245241165161133,256,3,14,5,0.2889225780963897,1.0,,a photo of a scissors and a sandwich,two_object
126,ours,0,-0.7823476195335388,39.863671496999814,3.1126771560002453,5.372836112976074,247,2,11,8,0.2941775321960449,0.0,"expected computer mouse>=1, found 0",a photo of a giraffe and a computer mouse,two_object
126,psp,0,0.4475552439689636,41.84679743699962,3.9868855279992204,5.245241165161133,256,3,14,6,0.2695574164390564,0.0,"expected computer mouse>=1, found 0",a photo of a giraffe and a computer mouse,two_object
128,ours,0,1.7497873306274414,39.745337741000185,3.0937356790000194,5.372836112976074,247,2,11,8,0.346645176410675,1.0,,a photo of a computer mouse and a zebra,two_object
128,psp,0,1.1083945035934448,41.773743491999994,3.959301717000926,5.245241165161133,256,3,14,0,0.2914223670959472,1.0,,a photo of a computer mouse and a zebra,two_object
130,ours,0,1.8539457321166992,39.82362313300018,3.103512349000084,5.372836112976074,247,2,11,1,0.2964754402637481,0.0,"expected tv>=1, found 0",a photo of a tv and a carrot,two_object
130,psp,0,1.6830049753189087,41.75084032599989,3.967165367999769,5.245241165161133,256,3,14,3,0.3039930760860443,1.0,,a photo of a tv and a carrot,two_object
132,ours,0,0.3291431665420532,39.8675082740001,3.1102325829997426,5.372836112976074,247,2,11,0,0.2388539910316467,1.0,,a photo of a computer keyboard and a laptop,two_object
132,psp,0,0.3186294138431549,41.8294892189997,3.9808842279999226,5.245241165161133,256,3,14,0,0.2386516332626342,1.0,,a photo of a computer keyboard and a laptop,two_object
134,ours,0,1.5115230083465576,39.831169262,3.1063151729986203,5.372836112976074,247,2,11,0,0.2563156187534332,0.0,"expected bird>=1, found 0",a photo of a scissors and a bird,two_object
134,psp,0,1.5141390562057495,41.85821615199984,3.989959289999206,5.245241165161133,256,3,14,0,0.2562008500099182,0.0,"expected bird>=1, found 0",a photo of a scissors and a bird,two_object
136,ours,0,0.4310334324836731,39.578581178000604,3.081821103000948,5.372836112976074,247,2,11,6,0.2786554992198944,0.0,"expected horse>=1, found 0",a photo of a cow and a horse,two_object
136,psp,0,0.47211766242980957,41.63473219199932,3.9594432640005834,5.245241165161133,256,3,14,4,0.2622611224651336,0.0,"expected horse>=1, found 0",a photo of a cow and a horse,two_object
138,ours,0,0.7285051941871643,39.71535265500006,3.0877726270000494,5.372836112976074,247,2,11,1,0.2584953010082245,1.0,,a photo of a chair and a laptop,two_object
138,psp,0,0.2894710302352905,41.45991232899996,3.9457965800002057,5.245241165161133,256,3,14,3,0.2667939066886902,0.0,"expected chair>=1, found 0",a photo of a chair and a laptop,two_object
140,ours,0,1.3098546266555786,39.822890122999524,3.0985671139997066,5.372836112976074,247,2,11,2,0.2396749258041381,1.0,,a photo of a book and a baseball bat,two_object
140,psp,0,1.3490647077560425,41.73064835099922,3.9687100699993607,5.245241165161133,256,3,14,2,0.2394442111253738,1.0,,a photo of a book and a baseball bat,two_object
142,ours,0,1.7374708652496338,39.84550771799968,3.1049882040006196,5.372836112976074,247,2,11,0,0.2795388698577881,1.0,,a photo of a bench and a vase,two_object
142,psp,0,1.734467625617981,41.81368192299942,3.983875801999602,5.245241165161133,256,3,14,0,0.2790316343307495,1.0,,a photo of a bench and a vase,two_object
144,ours,0,1.8118690252304077,39.81739564799955,3.0982015180006783,5.372836112976074,247,2,11,8,0.264773964881897,1.0,,a photo of a sports ball and a cow,two_object
144,psp,0,1.7595958709716797,41.869649685000695,3.977687036000134,5.245241165161133,256,3,14,4,0.3216602206230163,1.0,,a photo of a sports ball and a cow,two_object
146,ours,0,1.8470206260681152,39.49780326199925,3.062572311999247,5.372836112976074,247,2,11,8,0.2971802055835724,1.0,,a photo of a tv and a bicycle,two_object
146,psp,0,1.7800401449203491,41.55641807499978,3.9504776899993885,5.245241165161133,256,3,14,6,0.3339740633964538,1.0,,a photo of a tv and a bicycle,two_object
148,ours,0,-1.3639951944351196,39.65086068299934,3.0840918519998013,5.372836112976074,247,2,11,6,0.1899009943008422,0.0,"expected toothbrush>=1, found 0",a photo of a toothbrush and a toilet,two_object
148,psp,0,-1.4328789710998535,41.34295513300003,3.913976642000307,5.245241165161133,256,3,14,6,0.1910290867090225,0.0,"expected toothbrush>=1, found 0",a photo of a toothbrush and a toilet,two_object
150,ours,0,1.7474197149276733,39.75370247699993,3.093834589000835,5.372836112976074,247,2,11,3,0.2656751275062561,1.0,,a photo of a sink and a sports ball,two_object
150,psp,0,1.7412869930267334,41.62544389100003,3.951315434999742,5.245241165161133,256,3,14,3,0.2728180289268493,1.0,,a photo of a sink and a sports ball,two_object
152,ours,0,0.6524637341499329,39.87403362900022,3.096907850000207,5.372836112976074,247,2,11,1,0.2750196456909179,1.0,,a photo of a knife and a stop sign,two_object
152,psp,0,0.6683133840560913,41.83404729200083,3.9761398779992305,5.245241165161133,256,3,14,1,0.2754936218261719,1.0,,a photo of a knife and a stop sign,two_object
154,ours,0,1.4460855722427368,39.86113992199989,3.1084381979999307,5.372836112976074,247,2,11,7,0.2518728375434875,1.0,,a photo of a bowl and a skis,two_object
154,psp,0,1.4637247323989868,41.85220132399991,3.9770989250009734,5.245241165161133,256,3,14,7,0.252724677324295,1.0,,a photo of a bowl and a skis,two_object
156,ours,0,0.626583993434906,39.869685683999705,3.117859368000609,5.372836112976074,247,2,11,1,0.2518626451492309,1.0,,a photo of a computer keyboard and a cell phone,two_object
156,psp,0,0.5403864979743958,41.88076744600039,3.9896864360007385,5.245241165161133,256,3,14,1,0.2445790767669677,1.0,,a photo of a computer keyboard and a cell phone,two_object
158,ours,0,1.8928332328796387,39.9420245350002,3.1111289669988764,5.372836112976074,247,2,11,1,0.3009115159511566,1.0,,a photo of a potted plant and a boat,two_object
158,psp,0,1.8949792385101318,41.82190568200076,3.9766436930003692,5.245241165161133,256,3,14,1,0.3004876971244812,1.0,,a photo of a potted plant and a boat,two_object
160,ours,0,1.8731257915496826,39.93748698000036,3.1159410920008668,5.372836112976074,247,2,11,8,0.3363280296325683,1.0,,a photo of a tie and a broccoli,two_object
160,psp,0,1.6116516590118408,41.91034590900017,3.9800945050001246,5.245241165161133,256,3,14,4,0.27029550075531,1.0,,a photo of a tie and a broccoli,two_object
162,ours,0,0.9417109489440918,39.911172066999825,3.105435956000292,5.372836112976074,247,2,11,8,0.2695340514183044,1.0,,a photo of a person and a sink,two_object
162,psp,0,0.6200671792030334,41.861625055999866,3.984543331999703,5.245241165161133,256,3,14,3,0.236346036195755,1.0,,a photo of a person and a sink,two_object
164,ours,0,-0.8110910654067993,39.82704535799985,3.1045861199991123,5.372836112976074,247,2,11,3,0.2280430793762207,0.0,"expected fork>=1, found 0
expected baseball glove>=1, found 0",a photo of a fork and a baseball glove,two_object
164,psp,0,-0.7790709137916565,41.88664925499961,3.982230977000654,5.245241165161133,256,3,14,3,0.2259912192821502,0.0,"expected fork>=1, found 0
expected baseball glove>=1, found 0",a photo of a fork and a baseball glove,two_object
166,ours,0,1.878569483757019,39.66577971499919,3.0953395790002105,5.372836112976074,247,2,11,2,0.2962040603160858,0.0,"expected baseball glove>=1, found 0",a photo of a bus and a baseball glove,two_object
166,psp,0,1.8814793825149536,41.8481714440004,3.9843710080003802,5.245241165161133,256,3,14,2,0.3012270331382751,0.0,"expected baseball glove>=1, found 0",a photo of a bus and a baseball glove,two_object
168,ours,0,1.5848946571350098,39.68882699999995,3.0920674649996727,5.372836112976074,247,2,11,5,0.3156840801239013,1.0,,a photo of a carrot and a couch,two_object
168,psp,0,1.395058035850525,41.48040937299993,3.9440149310003108,5.245241165161133,256,3,14,4,0.3048473596572876,1.0,,a photo of a carrot and a couch,two_object
170,ours,0,1.331415057182312,39.89107477900052,3.1172537949996695,5.372836112976074,247,2,11,4,0.2650906443595886,1.0,,a photo of a fire hydrant and a train,two_object
170,psp,0,1.3304280042648315,41.8216148700003,3.9834973490005723,5.245241165161133,256,3,14,4,0.2647185623645782,1.0,,a photo of a fire hydrant and a train,two_object
172,ours,0,1.597332239151001,39.83731498100042,3.1085871909999696,5.372836112976074,247,2,11,8,0.2120327651500702,1.0,,a photo of a microwave and a bench,two_object
172,psp,0,0.8446958661079407,41.85024006899948,3.980362088998845,5.245241165161133,256,3,14,2,0.2486041039228439,0.0,"expected bench>=1, found 0",a photo of a microwave and a bench,two_object
174,ours,0,1.6801764965057373,39.75276310400113,3.08616834500026,5.372836112976074,247,2,11,4,0.246804878115654,1.0,,a photo of a car and a computer mouse,two_object
174,psp,0,1.6820846796035767,41.86435706900011,3.987140472999272,5.245241165161133,256,3,14,4,0.2469459027051925,1.0,,a photo of a car and a computer mouse,two_object
176,ours,0,0.6031917929649353,39.529744853998636,3.0574169359988446,5.372836112976074,247,2,11,8,0.3073810338973999,1.0,,a photo of a person and a traffic light,two_object
176,psp,0,0.6271377205848694,41.57441165099954,3.9571823900005256,5.245241165161133,256,3,14,0,0.2754965424537658,1.0,,a photo of a person and a traffic light,two_object
178,ours,0,0.5066955089569092,39.77944825399936,3.091338316000474,5.372836112976074,247,2,11,3,0.3076107203960418,1.0,,a photo of a baseball bat and a giraffe,two_object
178,psp,0,0.8754131197929382,41.625233209000726,3.968398826998964,5.245241165161133,256,3,14,7,0.3163644075393677,0.0,"expected baseball bat>=1, found 0",a photo of a baseball bat and a giraffe,two_object
180,ours,0,1.5958579778671265,39.835720754999784,3.1073044090007897,5.372836112976074,247,2,11,1,0.3209174573421478,0.0,"expected backpack>=2, found 0",a photo of two backpacks,counting
180,psp,0,1.5973511934280396,41.7909546890005,3.9738586860003124,5.245241165161133,256,3,14,1,0.3215646743774414,0.0,"expected backpack>=2, found 0",a photo of two backpacks,counting
182,ours,0,0.34400054812431335,39.56768011500026,3.0871871180006565,5.372836112976074,247,2,11,3,0.2436438202857971,1.0,,a photo of two frisbees,counting
182,psp,0,0.34726232290267944,41.64936951600066,3.95362201700118,5.245241165161133,256,3,14,3,0.2435510158538818,1.0,,a photo of two frisbees,counting
184,ours,0,0.8530227541923523,39.68131664300017,3.0928757089986902,5.372836112976074,247,2,11,2,0.3287304937839508,1.0,,a photo of two bears,counting
184,psp,0,0.8442384600639343,41.44389789100023,3.943428694999966,5.245241165161133,256,3,14,2,0.328417956829071,1.0,,a photo of two bears,counting
186,ours,0,1.0329904556274414,39.788074353999036,3.1015301590014133,5.372836112976074,247,2,11,0,0.2401944398880005,0.0,"expected sink>=4, found 3",a photo of four sinks,counting
186,psp,0,1.0900425910949707,41.663017615999706,3.9660831350010994,5.245241165161133,256,3,14,7,0.2402339875698089,0.0,"expected sink>=4, found 1",a photo of four sinks,counting
188,ours,0,0.8631168007850647,39.90801606199966,3.1009302150014264,5.372836112976074,247,2,11,0,0.2835752964019775,1.0,,a photo of three persons,counting
188,psp,0,0.9271348118782043,41.859906951000085,3.980543237001257,5.245241165161133,256,3,14,1,0.2860158681869507,1.0,,a photo of three persons,counting
190,ours,0,0.9454274773597717,39.730391134000456,3.092714235999665,5.372836112976074,247,2,11,8,0.302476704120636,1.0,,a photo of four bowls,counting
190,psp,0,0.8486749529838562,41.825259709999955,3.976778973999899,5.245241165161133,256,3,14,7,0.2947191298007965,1.0,,a photo of four bowls,counting
192,ours,0,0.8463748693466187,39.52003089500067,3.0567743279989372,5.372836112976074,247,2,11,2,0.2258308678865432,1.0,,a photo of three cups,counting
192,psp,0,0.8297560811042786,41.460166797000056,3.930176723997647,5.245241165161133,256,3,14,2,0.2259397059679031,1.0,,a photo of three cups,counting
194,ours,0,1.191697120666504,39.66065429899936,3.0863171470009547,5.372836112976074,247,2,11,4,0.2881332635879516,1.0,,a photo of three sinks,counting
194,psp,0,1.2141599655151367,41.505095212000015,3.9425467500004743,5.245241165161133,256,3,14,4,0.2883192300796509,1.0,,a photo of three sinks,counting
196,ours,0,0.7800189852714539,39.82981500599999,3.0941251769982046,5.372836112976074,247,2,11,5,0.2605817914009094,1.0,,a photo of two toilets,counting
196,psp,0,0.8478258848190308,41.697088529999746,3.9673625790019287,5.245241165161133,256,3,14,3,0.2820305824279785,1.0,,a photo of two toilets,counting
198,ours,0,0.8323755264282227,39.829433541999606,3.0977277210004104,5.372836112976074,247,2,11,4,0.3087780177593231,1.0,,a photo of two trains,counting
198,psp,0,0.8465280532836914,41.75572623100015,3.9744554520020756,5.245241165161133,256,3,14,4,0.3087936639785766,1.0,,a photo of two trains,counting
200,ours,0,0.8615530729293823,39.81889906499964,3.0976042819984286,5.372836112976074,247,2,11,7,0.2955098152160644,0.0,"expected bus>=3, found 2",a photo of three buses,counting
200,psp,0,0.8885156512260437,41.83451467799932,3.9823119470038364,5.245241165161133,256,3,14,4,0.3085922300815582,0.0,"expected bus<4, found 4",a photo of three buses,counting
202,ours,0,0.7370416522026062,39.87813798699972,3.10975211099867,5.372836112976074,247,2,11,0,0.3047833442687988,1.0,,a photo of three snowboards,counting
202,psp,0,0.7161886096000671,41.85656041099901,3.984525465999468,5.245241165161133,256,3,14,0,0.3059446215629577,1.0,,a photo of three snowboards,counting
204,ours,0,1.448748230934143,39.91994448399964,3.117052584000703,5.372836112976074,247,2,11,7,0.3318502008914947,1.0,,a photo of four dogs,counting
204,psp,0,1.4452000856399536,41.89469348399871,3.9806376159995125,5.245241165161133,256,3,14,7,0.3314312100410461,1.0,,a photo of four dogs,counting
206,ours,0,1.3170814514160156,39.905051249999815,3.1057997249990876,5.372836112976074,247,2,11,8,0.3151609897613525,0.0,"expected sheep>=2, found 1",a photo of two sheeps,counting
206,psp,0,1.1086299419403076,41.90980552599831,3.9826555070030736,5.245241165161133,256,3,14,1,0.3379832208156585,1.0,,a photo of two sheeps,counting
208,ours,0,0.5306665897369385,39.84744855700046,3.1046872380011337,5.372836112976074,247,2,11,3,0.2881793081760406,0.0,"expected zebra>=3, found 2",a photo of three zebras,counting
208,psp,0,0.6882982850074768,41.8283616610006,3.972879090000788,5.245241165161133,256,3,14,1,0.2817919552326202,0.0,"expected zebra>=3, found 2",a photo of three zebras,counting
210,ours,0,1.3477962017059326,39.88737848399978,3.1055717449999065,5.372836112976074,247,2,11,3,0.2597694993019104,0.0,"expected apple>=4, found 3",a photo of four apples,counting
210,psp,0,1.3358941078186035,41.85800008499973,3.9805215220021637,5.245241165161133,256,3,14,7,0.299273669719696,1.0,,a photo of four apples,counting
212,ours,0,0.6438238620758057,39.80157682900062,3.092826761001561,5.372836112976074,247,2,11,5,0.2476967871189117,0.0,"expected baseball glove>=4, found 0",a photo of four baseball gloves,counting
212,psp,0,1.2535560131072998,41.86581833799937,3.9883144770010404,5.245241165161133,256,3,14,0,0.2587489783763885,0.0,"expected baseball glove>=4, found 1",a photo of four baseball gloves,counting
214,ours,0,0.928739607334137,39.50376126899937,3.066401610001776,5.372836112976074,247,2,11,0,0.2790746688842773,1.0,,a photo of two beds,counting
214,psp,0,0.9351754188537598,41.50249074699968,3.949010509002619,5.245241165161133,256,3,14,0,0.2800027728080749,1.0,,a photo of two beds,counting
216,ours,0,0.9781408905982971,39.87511957800052,3.09938304500065,5.372836112976074,247,2,11,0,0.2800432443618774,1.0,,a photo of three fire hydrants,counting
216,psp,0,1.287875771522522,41.847779873000036,3.982515973997579,5.245241165161133,256,3,14,6,0.3120166659355163,0.0,"expected fire hydrant<4, found 4",a photo of three fire hydrants,counting
218,ours,0,1.0093822479248047,39.57006974899923,3.08021691400063,5.372836112976074,247,2,11,3,0.3491319119930267,0.0,"expected giraffe<5, found 5",a photo of four giraffes,counting
218,psp,0,1.0337326526641846,41.61826704899977,3.949397484000656,5.245241165161133,256,3,14,3,0.3509995341300964,0.0,"expected giraffe<5, found 5",a photo of four giraffes,counting
220,ours,0,1.269639015197754,39.76681312499932,3.0934099499991135,5.372836112976074,247,2,11,8,0.3020008206367492,1.0,,a photo of four donuts,counting
220,psp,0,0.9888222813606262,41.45218376199955,3.9405724860007467,5.245241165161133,256,3,14,3,0.2988463044166565,0.0,"expected donut<5, found 6",a photo of four donuts,counting
222,ours,0,0.5329751968383789,39.95087788899946,3.0995071600009396,5.372836112976074,247,2,11,5,0.2207905352115631,0.0,"expected baseball bat>=3, found 2",a photo of three baseball bats,counting
222,psp,0,0.9160428643226624,41.80747782299841,3.9836813069978234,5.245241165161133,256,3,14,4,0.2737077176570892,0.0,"expected baseball bat<4, found 5",a photo of three baseball bats,counting
224,ours,0,0.8151012659072876,39.645223784000336,3.075845436002055,5.372836112976074,247,2,11,0,0.3115950226783752,1.0,,a photo of two pizzas,counting
224,psp,0,0.8211250901222229,41.777768113001,3.970591040999352,5.245241165161133,256,3,14,0,0.3116608560085296,1.0,,a photo of two pizzas,counting
226,ours,0,1.033197045326233,39.61194834399976,3.0779953620003653,5.372836112976074,247,2,11,3,0.2650575339794159,1.0,,a photo of two fire hydrants,counting
226,psp,0,1.0610332489013672,41.41591540400077,3.9469010890006757,5.245241165161133,256,3,14,3,0.2656458914279938,1.0,,a photo of two fire hydrants,counting
228,ours,0,0.9697834253311157,39.89561546299956,3.1077696870015643,5.372836112976074,247,2,11,5,0.2939831912517547,0.0,"expected tv<5, found 6",a photo of four tvs,counting
228,psp,0,0.9949413537979126,41.74025785699996,3.9676177389992517,5.245241165161133,256,3,14,5,0.294332206249237,0.0,"expected tv<5, found 6",a photo of four tvs,counting
230,ours,0,1.133232831954956,39.84539794699958,3.107397759999003,5.372836112976074,247,2,11,2,0.2788895070552826,0.0,"expected broccoli>=4, found 3",a photo of four broccolis,counting
230,psp,0,1.1774084568023682,41.88255986600052,3.9757638029986992,5.245241165161133,256,3,14,2,0.2793498933315277,0.0,"expected broccoli>=4, found 3",a photo of four broccolis,counting
232,ours,0,0.9964673519134521,39.5117643829999,3.0721271919992432,5.372836112976074,247,2,11,1,0.3140463232994079,1.0,,a photo of two trucks,counting
232,psp,0,1.020226240158081,41.55304537899974,3.950887707998845,5.245241165161133,256,3,14,1,0.313952088356018,1.0,,a photo of two trucks,counting
234,ours,0,1.0112451314926147,39.682632668000224,3.09745589799968,5.372836112976074,247,2,11,4,0.2821642756462097,1.0,,a photo of two sandwichs,counting
234,psp,0,1.015299916267395,41.427693241999805,3.9354274480010645,5.245241165161133,256,3,14,4,0.2821056842803955,1.0,,a photo of two sandwichs,counting
236,ours,0,0.8322096467018127,39.83703496000089,3.1132472149984096,5.372836112976074,247,2,11,8,0.2267683148384094,0.0,"expected clock>=4, found 3",a photo of four clocks,counting
236,psp,0,0.6748751997947693,41.736916939000366,3.9677677170002426,5.245241165161133,256,3,14,0,0.2379445284605026,0.0,"expected clock>=4, found 3",a photo of four clocks,counting
238,ours,0,0.7180649638175964,39.90665024000009,3.112913302000379,5.372836112976074,247,2,11,2,0.259266585111618,1.0,,a photo of two bananas,counting
238,psp,0,0.7053980231285095,41.874191554999925,3.9873565260022588,5.245241165161133,256,3,14,2,0.2589583396911621,1.0,,a photo of two bananas,counting
240,ours,0,0.44625329971313477,39.901182957000856,3.1163165039997693,5.372836112976074,247,2,11,3,0.2651715278625488,0.0,"expected pizza>=3, found 2",a photo of three pizzas,counting
240,psp,0,0.44954559206962585,41.88507381800082,3.989144346998728,5.245241165161133,256,3,14,3,0.265035480260849,0.0,"expected pizza>=3, found 2",a photo of three pizzas,counting
242,ours,0,1.473686933517456,39.64335407600083,3.080201622000459,5.372836112976074,247,2,11,8,0.3076465725898742,1.0,,a photo of three suitcases,counting
242,psp,0,1.1441713571548462,41.71417837700028,3.960373644000356,5.245241165161133,256,3,14,6,0.3055631518363952,1.0,,a photo of three suitcases,counting
244,ours,0,1.3335870504379272,39.77908210299938,3.0919516359990666,5.372836112976074,247,2,11,3,0.312848150730133,1.0,,a photo of two teddy bears,counting
244,psp,0,1.3343729972839355,41.58977608100031,3.950652641000488,5.245241165161133,256,3,14,3,0.3127832412719726,1.0,,a photo of two teddy bears,counting
246,ours,0,0.9513121843338013,39.82595235199915,3.1044024039983924,5.372836112976074,247,2,11,7,0.3104458451271057,0.0,"expected hot dog>=4, found 3",a photo of four hot dogs,counting
246,psp,0,0.9416106939315796,41.80458491999889,3.980663242000446,5.245241165161133,256,3,14,7,0.310958594083786,0.0,"expected hot dog>=4, found 3",a photo of four hot dogs,counting
248,ours,0,1.302053451538086,39.858968221000396,3.1022288299991487,5.372836112976074,247,2,11,2,0.2877290844917297,0.0,"expected boat<5, found 5",a photo of four boats,counting
248,psp,0,1.3050514459609985,41.81233458600036,3.977706875999502,5.245241165161133,256,3,14,2,0.2878943681716919,0.0,"expected boat<5, found 5",a photo of four boats,counting
250,ours,0,0.8910444974899292,39.57766442399952,3.0741380700001173,5.372836112976074,247,2,11,3,0.2441323697566986,0.0,"expected hair drier>=2, found 0",a photo of two hair driers,counting
250,psp,0,1.0695372819900513,41.72569075799947,3.968503531001261,5.245241165161133,256,3,14,3,0.2494870722293853,0.0,"expected hair drier>=2, found 1",a photo of two hair driers,counting
252,ours,0,0.7049975991249084,39.73491327599913,3.1010099759987497,5.372836112976074,247,2,11,5,0.2991073727607727,0.0,"expected cow>=3, found 2",a photo of three cows,counting
252,psp,0,0.7169231176376343,41.499417890001496,3.955372633998195,5.245241165161133,256,3,14,5,0.2984257042407989,0.0,"expected cow>=3, found 2",a photo of three cows,counting
254,ours,0,1.1073999404907227,39.849918020001496,3.1069756709985086,5.372836112976074,247,2,11,5,0.2628940641880035,0.0,"expected bench>=4, found 1",a photo of four benchs,counting
254,psp,0,1.1621383428573608,41.73820581600012,3.97362932300166,5.245241165161133,256,3,14,1,0.287827730178833,0.0,"expected bench>=4, found 2",a photo of four benchs,counting
256,ours,0,0.5787412524223328,39.96795832799944,3.1123749889993633,5.372836112976074,247,2,11,8,0.253436416387558,0.0,"expected frisbee>=4, found 3",a photo of four frisbees,counting
256,psp,0,0.44799673557281494,41.843453159999626,3.981857554999806,5.245241165161133,256,3,14,2,0.2460482716560363,1.0,,a photo of four frisbees,counting
258,ours,0,1.5694878101348877,39.60972265000055,3.07643644899872,5.372836112976074,247,2,11,5,0.2867470383644104,0.0,"expected bus>=4, found 3",a photo of four buses,counting
258,psp,0,1.5653419494628906,41.82585974799986,3.969959223002661,5.245241165161133,256,3,14,5,0.2861621677875519,0.0,"expected bus>=4, found 3",a photo of four buses,counting
260,ours,0,1.747557520866394,39.489351547001206,3.073268399999506,5.372836112976074,247,2,11,2,0.2797764837741852,1.0,,a photo of a pink car,colors
260,psp,0,1.74443519115448,41.45220622499983,3.92668366900034,5.245241165161133,256,3,14,2,0.2804262936115265,1.0,,a photo of a pink car,colors
262,ours,0,1.9519041776657104,39.76455618,3.093154701000458,5.372836112976074,247,2,11,8,0.3451478481292724,1.0,,a photo of a blue cow,colors
262,psp,0,1.8787517547607422,41.55411852200086,3.9579427680000663,5.245241165161133,256,3,14,6,0.3230609893798828,1.0,,a photo of a blue cow,colors
264,ours,0,1.5497686862945557,39.859056794000935,3.1025636490012403,5.372836112976074,247,2,11,0,0.2927380800247192,1.0,,a photo of a blue umbrella,colors
264,psp,0,1.4545667171478271,41.77898617499886,3.9760506809998333,5.245241165161133,256,3,14,4,0.2902172207832336,1.0,,a photo of a blue umbrella,colors
266,ours,0,-0.3833683431148529,39.76030605199958,3.0973767830018915,5.372836112976074,247,2,11,7,0.2985390126705169,1.0,,a photo of a yellow elephant,colors
266,psp,0,-0.3216928243637085,41.87089675599964,3.98241986299945,5.245241165161133,256,3,14,7,0.2998960614204407,1.0,,a photo of a yellow elephant,colors
268,ours,0,1.6758365631103516,39.56439943800069,3.0727429410017066,5.372836112976074,247,2,11,0,0.3164863586425781,1.0,,a photo of a purple suitcase,colors
268,psp,0,1.6684659719467163,41.53325930699975,3.9429753020012868,5.245241165161133,256,3,14,0,0.3168982565402984,1.0,,a photo of a purple suitcase,colors
270,ours,0,0.24315233528614044,39.609206161001566,3.084496338999088,5.372836112976074,247,2,11,4,0.2875679731369018,1.0,,a photo of a white sandwich,colors
270,psp,0,0.6580102443695068,41.36191449800026,3.927260879001551,5.245241165161133,256,3,14,7,0.2684340178966522,1.0,,a photo of a white sandwich,colors
272,ours,0,1.527909755706787,39.807435833001364,3.099714997000774,5.372836112976074,247,2,11,5,0.2921909689903259,1.0,,a photo of a green microwave,colors
272,psp,0,1.512495756149292,41.6726664279995,3.9601116529993305,5.245241165161133,256,3,14,5,0.2916721701622009,1.0,,a photo of a green microwave,colors
274,ours,0,1.0972038507461548,39.72606263099988,3.091443834000529,5.372836112976074,247,2,11,8,0.2803606390953064,1.0,,a photo of a red apple,colors
274,psp,0,1.1575299501419067,41.842435504000605,3.9897035650010366,5.245241165161133,256,3,14,1,0.292674571275711,1.0,,a photo of a red apple,colors
276,ours,0,1.6672272682189941,39.49716670700036,3.055716315999234,5.372836112976074,247,2,11,4,0.2991339862346649,1.0,,a photo of a blue toilet,colors
276,psp,0,1.6719151735305786,41.496754014000544,3.946851989998322,5.245241165161133,256,3,14,4,0.2995385527610779,1.0,,a photo of a blue toilet,colors
278,ours,0,1.6433634757995605,39.76057710200075,3.1035711849999643,5.372836112976074,247,2,11,7,0.3006983697414398,1.0,,a photo of a black donut,colors
278,psp,0,1.6377321481704712,41.42127435899965,3.9361601849977887,5.245241165161133,256,3,14,7,0.3008307814598083,1.0,,a photo of a black donut,colors
280,ours,0,1.6792290210723877,39.92830806100028,3.111058733000391,5.372836112976074,247,2,11,0,0.2982892096042633,1.0,,a photo of a purple pizza,colors
280,psp,0,1.7526097297668457,41.89771283200025,3.9960974540008465,5.245241165161133,256,3,14,3,0.286449134349823,1.0,,a photo of a purple pizza,colors
282,ours,0,1.4130311012268066,39.72573041399846,3.0912798219997057,5.372836112976074,247,2,11,3,0.2933146059513092,1.0,,a photo of a green skateboard,colors
282,psp,0,1.4243743419647217,41.86580015599975,3.9778764309976395,5.245241165161133,256,3,14,3,0.2929053604602813,1.0,,a photo of a green skateboard,colors
284,ours,0,1.3494828939437866,39.59457893900071,3.078895939999711,5.372836112976074,247,2,11,8,0.2682464122772217,1.0,,a photo of a brown chair,colors
284,psp,0,1.1987426280975342,41.534837281000364,3.940868669000338,5.245241165161133,256,3,14,5,0.2593359649181366,1.0,,a photo of a brown chair,colors
286,ours,0,1.8277363777160645,39.87049869300063,3.1141195629988943,5.372836112976074,247,2,11,3,0.3109888434410095,1.0,,a photo of an orange cow,colors
286,psp,0,1.8325308561325073,41.740434112,3.976489466998828,5.245241165161133,256,3,14,3,0.3132741749286651,1.0,,a photo of an orange cow,colors
288,ours,0,0.8547163009643555,39.889905944999555,3.1035097500007396,5.372836112976074,247,2,11,5,0.2711923122406006,0.0,"expected kite>=1, found 0",a photo of a white kite,colors
288,psp,0,1.1938635110855103,41.8760743820003,3.980019151000306,5.245241165161133,256,3,14,0,0.2828171849250793,0.0,"expected kite>=1, found 0",a photo of a white kite,colors
290,ours,0,1.4205080270767212,39.666981730999396,3.074720509999679,5.372836112976074,247,2,11,8,0.2824676036834717,1.0,,a photo of a green couch,colors
290,psp,0,1.2986465692520142,41.751702915998976,3.9583788709987857,5.245241165161133,256,3,14,1,0.2862962484359741,1.0,,a photo of a green couch,colors
292,ours,0,1.58946692943573,39.50748143900091,3.059093579000546,5.372836112976074,247,2,11,8,0.259962648153305,1.0,,a photo of an orange tv,colors
292,psp,0,1.489078164100647,41.44133857700035,3.9289354240008834,5.245241165161133,256,3,14,2,0.2594819068908691,1.0,,a photo of an orange tv,colors
294,ours,0,1.26223623752594,39.83765730400046,3.09894052799973,5.372836112976074,247,2,11,2,0.2774670720100403,1.0,,a photo of a pink cell phone,colors
294,psp,0,1.290583848953247,41.65699842499998,3.9707186599989654,5.245241165161133,256,3,14,2,0.2770687341690063,1.0,,a photo of a pink cell phone,colors
296,ours,0,1.2015560865402222,39.697182238000096,3.0849935109981743,5.372836112976074,247,2,11,5,0.23615363240242,1.0,,a photo of a white fire hydrant,colors
296,psp,0,1.252783179283142,41.85323410000092,3.9828357019996474,5.245241165161133,256,3,14,7,0.2288450598716735,1.0,,a photo of a white fire hydrant,colors
298,ours,0,1.2179434299468994,39.579091666999375,3.078358875000049,5.372836112976074,247,2,11,8,0.2641808986663818,1.0,,a photo of a purple carrot,colors
298,psp,0,0.3215339183807373,41.57321564400081,3.941513069001303,5.245241165161133,256,3,14,2,0.2681739330291748,0.0,"expected purple carrot>=1, found 0 purple; and 1 pink",a photo of a purple carrot,colors
300,ours,0,1.7572615146636963,39.79374288799954,3.1057655440017697,5.372836112976074,247,2,11,4,0.3074173331260681,1.0,,a photo of a purple potted plant,colors
300,psp,0,1.7499539852142334,41.60023051999997,3.9564665369998693,5.245241165161133,256,3,14,4,0.309558093547821,1.0,,a photo of a purple potted plant,colors
302,ours,0,1.5928936004638672,39.83049178699912,3.1056906649992015,5.372836112976074,247,2,11,2,0.30811208486557,1.0,,a photo of a yellow train,colors
302,psp,0,1.4787755012512207,41.82402851599909,3.9810276820007857,5.245241165161133,256,3,14,6,0.3059268295764923,1.0,,a photo of a yellow train,colors
304,ours,0,-0.28916609287261963,39.607070640999154,3.0783826549995865,5.372836112976074,247,2,11,2,0.2852239906787872,1.0,,a photo of a red giraffe,colors
304,psp,0,-0.2652070224285126,41.61802103000082,3.951636260999294,5.245241165161133,256,3,14,1,0.2864847481250763,1.0,,a photo of a red giraffe,colors
306,ours,0,0.42459380626678467,39.78294424199885,3.1048183079983573,5.372836112976074,247,2,11,5,0.2978814840316772,1.0,,a photo of a black train,colors
306,psp,0,0.42252421379089355,41.670773904999805,3.9674899759993423,5.245241165161133,256,3,14,5,0.2986568808555603,1.0,,a photo of a black train,colors
308,ours,0,-0.28706294298171997,39.91266064800038,3.104063776001567,5.372836112976074,247,2,11,8,0.2885868549346924,1.0,,a photo of a green hot dog,colors
308,psp,0,-1.3662840127944946,41.89148139399913,3.9831548010006372,5.245241165161133,256,3,14,4,0.2692493200302124,1.0,,a photo of a green hot dog,colors
310,ours,0,1.8005503416061401,39.55160552500092,3.0694273829994927,5.372836112976074,247,2,11,8,0.3032482862472534,0.0,"expected red potted plant>=1, found 0 red; and 1 pink",a photo of a red potted plant,colors
310,psp,0,1.8341912031173706,41.65899371600062,3.963886358000309,5.245241165161133,256,3,14,4,0.3196559250354767,1.0,,a photo of a red potted plant,colors
312,ours,0,0.8107343316078186,39.86417532800078,3.1055044140011887,5.372836112976074,247,2,11,6,0.2925027310848236,1.0,,a photo of a blue tv,colors
312,psp,0,0.8942187428474426,41.54975691399886,3.9546442549999483,5.245241165161133,256,3,14,7,0.278079628944397,1.0,,a photo of a blue tv,colors
314,ours,0,0.7932747602462769,39.86951222700009,3.1024728029988182,5.372836112976074,247,2,11,8,0.2851152718067169,0.0,"expected black tv remote>=1, found 0 black; and 1 brown",a photo of a black tv remote,colors
314,psp,0,0.9322918057441711,41.87286742300057,3.972527726999033,5.245241165161133,256,3,14,4,0.2797012627124786,0.0,"expected black tv remote>=1, found 0 black; and 1 brown",a photo of a black tv remote,colors
316,ours,0,-0.4498695433139801,39.873287153001,3.1097141000009287,5.372836112976074,247,2,11,5,0.2191303968429565,0.0,"expected yellow orange>=1, found 0 yellow; and 1 orange",a photo of a yellow orange,colors
316,psp,0,0.07051177322864532,41.80701644599867,3.9794980129991018,5.245241165161133,256,3,14,2,0.2384731769561767,0.0,"expected yellow orange>=1, found 0 yellow; and 1 orange",a photo of a yellow orange,colors
318,ours,0,0.6790675520896912,39.90868843099997,3.1112888460011163,5.372836112976074,247,2,11,7,0.2648421823978424,1.0,,a photo of a red parking meter,colors
318,psp,0,1.0699437856674194,41.88697052200041,3.9813644390014815,5.245241165161133,256,3,14,2,0.2810251116752624,1.0,,a photo of a red parking meter,colors
320,ours,0,1.368865966796875,39.6223736890006,3.0906987940015824,5.372836112976074,247,2,11,8,0.2992866635322571,1.0,,a photo of a green clock,colors
320,psp,0,1.2125358581542969,41.728733619000195,3.9667162780024228,5.245241165161133,256,3,14,4,0.2793484926223755,1.0,,a photo of a green clock,colors
322,ours,0,1.9090110063552856,39.79123341800005,3.096596180999768,5.372836112976074,247,2,11,5,0.3071449995040893,1.0,,a photo of a yellow oven,colors
322,psp,0,1.9092358350753784,41.6030111809996,3.950992721000148,5.245241165161133,256,3,14,5,0.3077033162117004,1.0,,a photo of a yellow oven,colors
324,ours,0,1.271064281463623,39.92006328000025,3.10834910199992,5.372836112976074,247,2,11,4,0.3018180131912231,1.0,,a photo of a black teddy bear,colors
324,psp,0,1.4196622371673584,41.89248011699965,3.986104177998641,5.245241165161133,256,3,14,2,0.2927349805831909,1.0,,a photo of a black teddy bear,colors
326,ours,0,-0.5937276482582092,39.69395463100045,3.0863767080008984,5.372836112976074,247,2,11,3,0.2540433704853058,1.0,,a photo of a black hot dog,colors
326,psp,0,-0.583751916885376,41.81592562699916,3.975625631001094,5.245241165161133,256,3,14,3,0.2538730502128601,1.0,,a photo of a black hot dog,colors
328,ours,0,1.1770153045654297,39.77443162700001,3.100876293998226,5.372836112976074,247,2,11,8,0.3210786283016205,1.0,,a photo of a white teddy bear,colors
328,psp,0,1.4141587018966675,41.60906479000005,3.953772314998787,5.245241165161133,256,3,14,5,0.3068594634532928,1.0,,a photo of a white teddy bear,colors
330,ours,0,1.4355168342590332,39.95190710800125,3.1169791649990657,5.372836112976074,247,2,11,8,0.3017635941505432,1.0,,a photo of a blue dining table,colors
330,psp,0,1.6126337051391602,41.81339201499941,3.979580724002517,5.245241165161133,256,3,14,5,0.2989609539508819,1.0,,a photo of a blue dining table,colors
332,ours,0,1.3461374044418335,39.83502128299915,3.089675621000424,5.372836112976074,247,2,11,1,0.2786330580711365,1.0,,a photo of a white dog,colors
332,psp,0,1.3272134065628052,41.866769000000204,3.9828202610024164,5.245241165161133,256,3,14,1,0.2781828045845032,1.0,,a photo of a white dog,colors
334,ours,0,0.7995108962059021,39.57292856100139,3.072164851000707,5.372836112976074,247,2,11,1,0.2591207921504974,1.0,,a photo of a red cell phone,colors
334,psp,0,0.7856539487838745,41.557331360001626,3.9468769490013074,5.245241165161133,256,3,14,1,0.2590587735176086,1.0,,a photo of a red cell phone,colors
336,ours,0,1.0284291505813599,39.76505948600061,3.089964709000924,5.372836112976074,247,2,11,0,0.302537739276886,1.0,,a photo of a blue clock,colors
336,psp,0,1.0504333972930908,41.56461733700053,3.9500959400011197,5.245241165161133,256,3,14,0,0.3021829128265381,1.0,,a photo of a blue clock,colors
338,ours,0,0.8792276382446289,39.86027747499975,3.116266736999023,5.372836112976074,247,2,11,2,0.3292985558509826,1.0,,a photo of a green motorcycle,colors
338,psp,0,0.8783296346664429,41.794873315000586,3.9785421889991994,5.245241165161133,256,3,14,2,0.3290450870990753,1.0,,a photo of a green motorcycle,colors
340,ours,0,1.0498077869415283,39.69407140200019,3.076848640999742,5.372836112976074,247,2,11,7,0.2551515698432922,1.0,,a photo of a black vase,colors
340,psp,0,1.3709297180175781,41.86306801599858,3.9700953510000545,5.245241165161133,256,3,14,1,0.2726775407791137,1.0,,a photo of a black vase,colors
342,ours,0,0.9004014730453491,39.701472929000374,3.0921962200009148,5.372836112976074,247,2,11,3,0.2861225605010986,1.0,,a photo of a red car,colors
342,psp,0,0.9237043857574463,41.53179896799884,3.9396493840013136,5.245241165161133,256,3,14,2,0.2682983577251434,1.0,,a photo of a red car,colors
344,ours,0,1.3684687614440918,39.842443493000246,3.0978140980005264,5.372836112976074,247,2,11,0,0.2889281809329986,1.0,,a photo of a red backpack,colors
344,psp,0,1.3640599250793457,41.714892013998906,3.9671201780001866,5.245241165161133,256,3,14,0,0.2888405621051788,1.0,,a photo of a red backpack,colors
346,ours,0,1.419357180595398,39.700097101998836,3.082745412000804,5.372836112976074,247,2,11,7,0.2999736070632934,0.0,"expected orange toaster>=1, found 0 orange; and 1 white",a photo of an orange toaster,colors
346,psp,0,1.4580227136611938,41.82726285700119,3.982317846001024,5.245241165161133,256,3,14,4,0.2950590848922729,1.0,,a photo of an orange toaster,colors
348,ours,0,1.7570791244506836,39.582550340001035,3.083390400999633,5.372836112976074,247,2,11,5,0.2839546203613281,1.0,,a photo of a pink parking meter,colors
348,psp,0,1.7776634693145752,41.54048576400055,3.943214111000998,5.245241165161133,256,3,14,4,0.279706597328186,1.0,,a photo of a pink parking meter,colors
350,ours,0,-2.016941785812378,39.82452940500116,3.1102732220006146,5.372836112976074,247,2,11,1,0.2673108577728271,0.0,"expected yellow broccoli>=1, found 0 yellow; and 1 green",a photo of a yellow broccoli,colors
350,psp,0,-1.82646644115448,41.728304459000356,3.955669614000726,5.245241165161133,256,3,14,7,0.2603999376296997,0.0,"expected yellow broccoli>=1, found 0 yellow; and 1 green",a photo of a yellow broccoli,colors
352,ours,0,1.3435139656066895,39.85994740000024,3.089107158999468,5.372836112976074,247,2,11,1,0.2787451148033142,1.0,,a photo of a red cake,colors
352,psp,0,1.3402875661849976,41.87228184600099,3.9766945760002272,5.245241165161133,256,3,14,1,0.2789584994316101,1.0,,a photo of a red cake,colors
354,ours,0,-0.838158130645752,39.56942473500021,3.060772177999752,5.372836112976074,247,2,11,6,0.2368694990873336,0.0,"expected kite>=1, found 0
no target for wine glass to be above",a photo of a wine glass above a kite,position
354,psp,0,-0.9015050530433655,41.58608252799968,3.9411128680003458,5.245241165161133,256,3,14,6,0.2369155585765838,0.0,"expected kite>=1, found 0
no target for wine glass to be above",a photo of a wine glass above a kite,position
356,ours,0,1.887284517288208,39.550231880000865,3.0830265630011127,5.372836112976074,247,2,11,0,0.3172623217105865,0.0,"expected laptop left of target, found  target",a photo of a laptop left of a cow,position
356,psp,0,1.8870166540145874,41.45788485399862,3.9372254019999673,5.245241165161133,256,3,14,0,0.3170772790908813,0.0,"expected laptop left of target, found  target",a photo of a laptop left of a cow,position
358,ours,0,-0.01664707437157631,39.81603332100167,3.102469743000256,5.372836112976074,247,2,11,3,0.220501035451889,0.0,"expected baseball bat>=1, found 0
expected tie>=1, found 0",a photo of a tie right of a baseball bat,position
358,psp,0,-0.02064753696322441,41.71804587400038,3.970809640999505,5.245241165161133,256,3,14,3,0.2203661501407623,0.0,"expected baseball bat>=1, found 0
expected tie>=1, found 0",a photo of a tie right of a baseball bat,position
360,ours,0,1.7330970764160156,39.91874975300016,3.11347739699886,5.372836112976074,247,2,11,2,0.2897409796714782,0.0,"expected bird below target, found right of target",a photo of a bird below a skateboard,position
360,psp,0,1.7353389263153076,41.83684841300055,3.9772414159997425,5.245241165161133,256,3,14,2,0.2901732325553894,0.0,"expected bird below target, found right of target",a photo of a bird below a skateboard,position
362,ours,0,0.14125671982765198,39.69630057699942,3.0787452419990586,5.372836112976074,247,2,11,0,0.3184212446212768,0.0,"expected train above target, found  target",a photo of a train above a potted plant,position
362,psp,0,0.12861311435699463,41.7777443140003,3.9695742710027844,5.245241165161133,256,3,14,0,0.3183892369270324,0.0,"expected train above target, found  target",a photo of a train above a potted plant,position
364,ours,0,1.93063223361969,39.82663957299883,3.105771464001009,5.372836112976074,247,2,11,2,0.3299735188484192,0.0,"expected tv remote below target, found right of target",a photo of a tv remote below a cow,position
364,psp,0,1.930598497390747,41.67701996299911,3.9669312090009043,5.245241165161133,256,3,14,2,0.3238855004310608,0.0,"expected tv remote below target, found right of target",a photo of a tv remote below a cow,position
366,ours,0,0.22664813697338104,39.838388598000165,3.105599100999825,5.372836112976074,247,2,11,6,0.2691929936408996,0.0,"expected dog above target, found  target",a photo of a dog above a cow,position
366,psp,0,0.2798078954219818,41.83235507799873,3.981548522000594,5.245241165161133,256,3,14,2,0.2503889799118042,0.0,"expected dog above target, found left of target",a photo of a dog above a cow,position
368,ours,0,-1.239441156387329,39.539074111000446,3.081767317999038,5.372836112976074,247,2,11,3,0.2361221015453338,0.0,"expected umbrella>=1, found 0
no target for baseball glove to be below",a photo of a baseball glove below an umbrella,position
368,psp,0,-0.8070359230041504,41.58629936000034,3.9495377959992766,5.245241165161133,256,3,14,1,0.2194168418645858,0.0,"expected baseball glove>=1, found 0",a photo of a baseball glove below an umbrella,position
370,ours,0,0.7062973380088806,39.71025361899956,3.0860331889980444,5.372836112976074,247,2,11,1,0.3346267938613891,0.0,"expected suitcase>=1, found 0
no target for hot dog to be left of",a photo of a hot dog left of a suitcase,position
370,psp,0,0.6750624775886536,41.405467616999886,3.939307952998206,5.245241165161133,256,3,14,1,0.3356301784515381,0.0,"expected suitcase>=1, found 0
no target for hot dog to be left of",a photo of a hot dog left of a suitcase,position
372,ours,0,1.1998618841171265,39.77415069400013,3.0984613630007516,5.372836112976074,247,2,11,0,0.3163454532623291,0.0,"expected backpack>=1, found 0",a photo of a backpack right of a sandwich,position
372,psp,0,1.2085201740264893,41.75019758399867,3.974003946002995,5.245241165161133,256,3,14,0,0.316408097743988,0.0,"expected backpack>=1, found 0",a photo of a backpack right of a sandwich,position
374,ours,0,1.8010315895080566,39.89295772699916,3.1100147029974323,5.372836112976074,247,2,11,3,0.3003300428390503,0.0,"expected dog right of target, found above target",a photo of a dog right of a tie,position
374,psp,0,1.8073776960372925,41.831496037999386,3.9846237910023774,5.245241165161133,256,3,14,3,0.3006757497787475,0.0,"expected dog right of target, found above target",a photo of a dog right of a tie,position
376,ours,0,1.4821901321411133,39.89048495899988,3.1106538379972335,5.372836112976074,247,2,11,3,0.3171807527542114,1.0,,a photo of a bear above a clock,position
376,psp,0,1.8294419050216675,41.88798452899937,3.985634589997062,5.245241165161133,256,3,14,7,0.3135709166526794,0.0,"expected bear above target, found  target",a photo of a bear above a clock,position
378,ours,0,1.8836421966552734,39.79123082499791,3.1013643910046085,5.372836112976074,247,2,11,0,0.2811459004878998,1.0,,a photo of a sports ball left of an umbrella,position
378,psp,0,1.882902979850769,41.79794014300205,3.973135757001728,5.245241165161133,256,3,14,0,0.2808417081832886,1.0,,a photo of a sports ball left of an umbrella,position
380,ours,0,0.7709035873413086,39.86723282799721,3.1107420410007762,5.372836112976074,247,2,11,1,0.2775000333786011,0.0,"expected hair drier>=1, found 0",a photo of a hair drier below an elephant,position
380,psp,0,0.869941234588623,41.80198648700025,3.981783054998232,5.245241165161133,256,3,14,1,0.2780227661132812,0.0,"expected hair drier>=1, found 0",a photo of a hair drier below an elephant,position
382,ours,0,1.0635944604873657,39.878352682000695,3.1043287819957186,5.372836112976074,247,2,11,0,0.3081529438495636,0.0,"expected wine glass right of target, found left of target",a photo of a wine glass right of a hot dog,position
382,psp,0,1.0751371383666992,41.86277511099979,3.975823730997945,5.245241165161133,256,3,14,0,0.3083801865577698,0.0,"expected wine glass right of target, found left of target",a photo of a wine glass right of a hot dog,position
384,ours,0,1.2235068082809448,39.8965409070006,3.11353585300094,5.372836112976074,247,2,11,7,0.297575443983078,0.0,"expected carrot left of target, found right of target",a photo of a carrot left of an orange,position
384,psp,0,1.2100647687911987,41.85431963500014,3.987505245000648,5.245241165161133,256,3,14,7,0.2970213294029236,0.0,"expected carrot left of target, found right of target",a photo of a carrot left of an orange,position
386,ours,0,-1.5239249467849731,39.660776780998276,3.0800920149995363,5.372836112976074,247,2,11,6,0.2428581118583679,0.0,"expected toaster>=1, found 0",a photo of a toaster below a traffic light,position
386,psp,0,-1.474386215209961,41.812488233001204,3.964230902001873,5.245241165161133,256,3,14,6,0.2433080077171325,0.0,"expected toaster>=1, found 0",a photo of a toaster below a traffic light,position
388,ours,0,0.9344875812530518,39.583655221998924,3.0847945170025923,5.372836112976074,247,2,11,4,0.3062029182910919,0.0,"expected skis>=1, found 0",a photo of a skis right of a zebra,position
388,psp,0,1.2521300315856934,41.47502521299975,3.933305870003096,5.245241165161133,256,3,14,5,0.3277738988399505,0.0,"expected skis right of target, found below target",a photo of a skis right of a zebra,position
390,ours,0,-1.327945351600647,39.84598845800065,3.10492696500296,5.372836112976074,247,2,11,2,0.2722023129463196,0.0,"expected parking meter>=1, found 0
expected stop sign>=1, found 0",a photo of a stop sign above a parking meter,position
390,psp,0,-1.2255713939666748,41.70002911800111,3.9680464810007834,5.245241165161133,256,3,14,4,0.2519390285015106,0.0,"expected parking meter>=1, found 0
no target for stop sign to be above",a photo of a stop sign above a parking meter,position
392,ours,0,1.6496655941009521,39.92386426599842,3.114592083999014,5.372836112976074,247,2,11,4,0.3229970335960388,1.0,,a photo of a pizza below a computer keyboard,position
392,psp,0,1.640406847000122,41.86513360800018,3.996640903998923,5.245241165161133,256,3,14,4,0.3257808685302734,1.0,,a photo of a pizza below a computer keyboard,position
394,ours,0,1.109473705291748,39.699265250997996,3.093117501000961,5.372836112976074,247,2,11,3,0.2726880609989166,0.0,"expected stop sign>=1, found 0
no target for cow to be left of",a photo of a cow left of a stop sign,position
394,psp,0,1.1589925289154053,41.78810081800111,3.9668904270001804,5.245241165161133,256,3,14,3,0.2727421522140503,0.0,"expected stop sign>=1, found 0
no target for cow to be left of",a photo of a cow left of a stop sign,position
396,ours,0,0.7513784766197205,39.87960091200148,3.1118002389994217,5.372836112976074,247,2,11,4,0.2372294068336486,0.0,"expected book above target, found  target",a photo of a book above a laptop,position
396,psp,0,1.1022313833236694,41.66762411899981,3.954768290001084,5.245241165161133,256,3,14,1,0.2489759922027588,0.0,"expected book above target, found right of target",a photo of a book above a laptop,position
398,ours,0,-0.3345952332019806,39.80277070300144,3.092566381001234,5.372836112976074,247,2,11,0,0.2295452058315277,0.0,"expected kite>=1, found 0
no target for toilet to be left of",a photo of a toilet left of a kite,position
398,psp,0,-0.3725856840610504,41.85560418100067,3.9908468180037744,5.245241165161133,256,3,14,0,0.2338461279869079,0.0,"expected kite>=1, found 0
no target for toilet to be left of",a photo of a toilet left of a kite,position
400,ours,0,1.2497518062591553,39.56117967999671,3.07280729699778,5.372836112976074,247,2,11,4,0.3141994774341583,0.0,"expected bird left of target, found  target",a photo of a bird left of a couch,position
400,psp,0,1.2761948108673096,41.56362414100295,3.9521819870060426,5.245241165161133,256,3,14,4,0.3148358464241028,0.0,"expected bird left of target, found  target",a photo of a bird left of a couch,position
402,ours,0,1.1776310205459595,39.53320523000002,3.0713708690018393,5.372836112976074,247,2,11,5,0.3489466905593872,0.0,"expected elephant below target, found above target",a photo of an elephant below a surfboard,position
402,psp,0,1.1759982109069824,41.41108422099933,3.9463678799947957,5.245241165161133,256,3,14,5,0.3489730358123779,0.0,"expected elephant below target, found above target",a photo of an elephant below a surfboard,position
404,ours,0,-1.4664325714111328,39.87925626399738,3.1173643830006768,5.372836112976074,247,2,11,7,0.1918522119522094,0.0,"expected vase>=1, found 0",a photo of a vase above a fire hydrant,position
404,psp,0,-1.4776592254638672,41.48314907200256,3.9424265609995928,5.245241165161133,256,3,14,0,0.2259614467620849,0.0,"expected vase>=1, found 0",a photo of a vase above a fire hydrant,position
406,ours,0,-0.8715403079986572,39.505650884002534,3.078337578001083,5.372836112976074,247,2,11,1,0.2318393737077713,0.0,"expected bear>=1, found 0
no target for bench to be left of",a photo of a bench left of a bear,position
406,psp,0,-0.9301503896713257,41.52150502699806,3.9518403990005027,5.245241165161133,256,3,14,1,0.2320495843887329,0.0,"expected bear>=1, found 0
no target for bench to be left of",a photo of a bench left of a bear,position
408,ours,0,1.8020232915878296,39.76688809299958,3.087313845000608,5.372836112976074,247,2,11,6,0.3149589300155639,1.0,,a photo of a frisbee below a horse,position
408,psp,0,1.8041205406188965,41.59546036499887,3.9618185829967842,5.245241165161133,256,3,14,6,0.3158211410045624,1.0,,a photo of a frisbee below a horse,position
410,ours,0,1.7951033115386963,39.843161805998534,3.1036192790015775,5.372836112976074,247,2,11,1,0.3263981342315674,0.0,"expected tv below target, found  target",a photo of a tv below a cow,position
410,psp,0,1.7955790758132935,41.83512246199825,3.9864903099987714,5.245241165161133,256,3,14,1,0.3259453177452087,0.0,"expected tv below target, found  target",a photo of a tv below a cow,position
412,ours,0,1.0300339460372925,39.55094586799896,3.0695657180003764,5.372836112976074,247,2,11,1,0.3087934255599975,0.0,"expected suitcase left of target, found below target",a photo of a suitcase left of a banana,position
412,psp,0,1.0177925825119019,41.63270242100043,3.949544621998939,5.245241165161133,256,3,14,1,0.3083324134349823,0.0,"expected suitcase left of target, found below target",a photo of a suitcase left of a banana,position
414,ours,0,1.7364479303359985,39.60096562999752,3.0758629470001324,5.372836112976074,247,2,11,0,0.3112888932228088,1.0,,a photo of a cat below a backpack,position
414,psp,0,1.7407232522964478,41.46919119400263,3.930639426002017,5.245241165161133,256,3,14,0,0.3117799758911133,1.0,,a photo of a cat below a backpack,position
416,ours,0,1.3894699811935425,39.80536339799801,3.1051360389974434,5.372836112976074,247,2,11,2,0.3209149539470672,0.0,"expected sandwich below target, found  target",a photo of a sandwich below a knife,position
416,psp,0,1.393227458000183,41.69396362900079,3.964152981996449,5.245241165161133,256,3,14,2,0.3213586807250976,0.0,"expected sandwich below target, found  target",a photo of a sandwich below a knife,position
418,ours,0,0.9555526971817017,39.75626343499971,3.0838472949981224,5.372836112976074,247,2,11,2,0.3058199882507324,0.0,"expected knife right of target, found below target",a photo of a knife right of a suitcase,position
418,psp,0,0.9591053128242493,41.84355637999761,3.9773566619987832,5.245241165161133,256,3,14,2,0.3060077726840973,0.0,"expected knife right of target, found below target",a photo of a knife right of a suitcase,position
420,ours,0,-0.455949068069458,39.589709615000174,3.088733301996399,5.372836112976074,247,2,11,2,0.3109357059001922,0.0,"expected parking meter>=1, found 0
no target for zebra to be right of",a photo of a zebra right of a parking meter,position
420,psp,0,-0.4498209059238434,41.548587885001325,3.9523335910016613,5.245241165161133,256,3,14,2,0.3097360134124756,0.0,"expected parking meter>=1, found 0
no target for zebra to be right of",a photo of a zebra right of a parking meter,position
422,ours,0,1.49253249168396,39.78871643000093,3.0973290930014628,5.372836112976074,247,2,11,0,0.3051107823848724,0.0,"expected cow below target, found left of target",a photo of a cow below an airplane,position
422,psp,0,1.4793038368225098,41.63923089799937,3.963796406002075,5.245241165161133,256,3,14,0,0.3049394488334656,0.0,"expected cow below target, found left of target",a photo of a cow below an airplane,position
424,ours,0,1.6167018413543701,39.88628375699773,3.099097461999918,5.372836112976074,247,2,11,1,0.2910221815109253,0.0,"expected zebra below target, found  target",a photo of a zebra below a computer keyboard,position
424,psp,0,1.624149203300476,41.89248734300054,3.9909664960032387,5.245241165161133,256,3,14,1,0.2988933622837066,0.0,"expected zebra below target, found  target",a photo of a zebra below a computer keyboard,position
426,ours,0,1.9500277042388916,39.562590017998446,3.0598411379978643,5.372836112976074,247,2,11,4,0.3025435209274292,0.0,"expected laptop below target, found above target",a photo of a laptop below a sports ball,position
426,psp,0,1.9488627910614014,41.64087947100052,3.950598089999403,5.245241165161133,256,3,14,4,0.3018058836460113,0.0,"expected laptop below target, found above target",a photo of a laptop below a sports ball,position
428,ours,0,-1.1570854187011719,39.798053598999104,3.107549784996081,5.372836112976074,247,2,11,8,0.2844341993331909,0.0,"expected baseball bat>=1, found 0
no target for refrigerator to be above",a photo of a refrigerator above a baseball bat,position
428,psp,0,-0.7546067237854004,41.563452578997385,3.949437018996832,5.245241165161133,256,3,14,2,0.265126883983612,0.0,"expected baseball bat>=1, found 0
no target for refrigerator to be above",a photo of a refrigerator above a baseball bat,position
430,ours,0,-1.609304428100586,39.76682108999739,3.0944398319988977,5.372836112976074,247,2,11,6,0.1949170529842376,0.0,"expected bear>=1, found 0
expected baseball glove>=1, found 0",a photo of a baseball glove right of a bear,position
430,psp,0,-1.7258719205856323,41.87650234200191,3.998082666999835,5.245241165161133,256,3,14,6,0.1948610693216323,0.0,"expected bear>=1, found 0
expected baseball glove>=1, found 0",a photo of a baseball glove right of a bear,position
432,ours,0,1.3408503532409668,39.59356771199964,3.0782090259963297,5.372836112976074,247,2,11,8,0.3068709969520569,0.0,"expected dining table above target, found below target",a photo of a dining table above a suitcase,position
432,psp,0,1.4030811786651611,41.63557473699984,3.9488851059941226,5.245241165161133,256,3,14,4,0.2709522247314453,1.0,,a photo of a dining table above a suitcase,position
434,ours,0,1.2694545984268188,39.582576574000996,3.08247652800128,5.372836112976074,247,2,11,0,0.2988066971302032,1.0,,a photo of a frisbee above a truck,position
434,psp,0,1.265621304512024,41.49320499299938,3.9408770139962144,5.245241165161133,256,3,14,0,0.2992080152034759,1.0,,a photo of a frisbee above a truck,position
436,ours,0,1.2441717386245728,39.87226011899838,3.109761545998481,5.372836112976074,247,2,11,6,0.2666586339473724,1.0,,a photo of a bus above a boat,position
436,psp,0,1.271009922027588,41.63420244999725,3.961811184006365,5.245241165161133,256,3,14,7,0.286880761384964,0.0,"expected bus>=1, found 0",a photo of a bus above a boat,position
438,ours,0,1.414825677871704,39.696315502998914,3.096806068006117,5.372836112976074,247,2,11,7,0.3161163926124573,1.0,,a photo of a horse right of a broccoli,position
438,psp,0,1.4187121391296387,41.77609651899911,3.9721554909956467,5.245241165161133,256,3,14,7,0.3201537728309631,1.0,,a photo of a horse right of a broccoli,position
440,ours,0,1.6757549047470093,39.558457601000555,3.0706260519982607,5.372836112976074,247,2,11,2,0.2704498767852783,0.0,"expected vase right of target, found  target",a photo of a vase right of a horse,position
440,psp,0,1.6733050346374512,41.52884512200035,3.9387296040004003,5.245241165161133,256,3,14,2,0.2702950239181518,0.0,"expected vase right of target, found  target",a photo of a vase right of a horse,position
442,ours,0,-1.5911473035812378,39.565923370002565,3.0773816340006306,5.372836112976074,247,2,11,8,0.2090097963809967,0.0,"expected bed>=1, found 0
no target for zebra to be right of",a photo of a zebra right of a bed,position
442,psp,0,-0.10109081119298935,41.446173896998516,3.9391127209964907,5.245241165161133,256,3,14,1,0.2499718517065048,0.0,"expected zebra>=1, found 0",a photo of a zebra right of a bed,position
444,ours,0,1.2883942127227783,39.82318362099977,3.092445513000712,5.372836112976074,247,2,11,1,0.2802855372428894,0.0,"expected bed right of target, found above target",a photo of a bed right of a frisbee,position
444,psp,0,1.438965916633606,41.626443465997,3.964806995005347,5.245241165161133,256,3,14,5,0.2974304556846618,0.0,"expected bed right of target, found  target",a photo of a bed right of a frisbee,position
446,ours,0,0.6580122113227844,39.91584867900019,3.100318803000846,5.372836112976074,247,2,11,0,0.224474161863327,0.0,"expected tv>=1, found 0
no target for laptop to be right of",a photo of a laptop right of a tv,position
446,psp,0,0.6618990898132324,41.82600630700108,3.9755686620010238,5.245241165161133,256,3,14,0,0.2260075360536575,0.0,"expected tv>=1, found 0
no target for laptop to be right of",a photo of a laptop right of a tv,position
448,ours,0,1.2992305755615234,39.652959592000116,3.0807567450028728,5.372836112976074,247,2,11,6,0.2901208996772766,1.0,,a photo of a couch below a potted plant,position
448,psp,0,1.2955433130264282,41.758584343999246,3.965782556002523,5.245241165161133,256,3,14,6,0.2906778156757355,1.0,,a photo of a couch below a potted plant,position
450,ours,0,1.4956252574920654,39.53702549400259,3.0698842300007527,5.372836112976074,247,2,11,1,0.2896921932697296,0.0,"expected couch below target, found  target",a photo of a couch below a vase,position
450,psp,0,1.4981805086135864,41.50513389899788,3.93872141000611,5.245241165161133,256,3,14,1,0.2892162799835205,0.0,"expected couch below target, found  target",a photo of a couch below a vase,position
452,ours,0,1.253151774406433,39.78264136300277,3.0937443019975035,5.372836112976074,247,2,11,4,0.2399286329746246,0.0,"expected couch left of target, found below target",a photo of a couch left of a toaster,position
452,psp,0,1.2197396755218506,41.61250132100031,3.9550323769981333,5.245241165161133,256,3,14,4,0.2385208159685135,0.0,"expected couch left of target, found below target",a photo of a couch left of a toaster,position
454,ours,0,-0.5443181991577148,39.934025745002145,3.1128372290004336,5.372836112976074,247,2,11,0,0.2849421501159668,0.0,"expected microwave>=1, found 0",a photo of a green bus and a purple microwave,color_attr
454,psp,0,0.131473109126091,41.8642240070003,3.982648383003834,5.245241165161133,256,3,14,2,0.281859278678894,0.0,"expected microwave>=1, found 0",a photo of a green bus and a purple microwave,color_attr
456,ours,0,-1.2784075736999512,39.61507022000296,3.0788078299992776,5.372836112976074,247,2,11,7,0.2537492513656616,0.0,"expected sink>=1, found 0",a photo of a yellow computer keyboard and a black sink,color_attr
456,psp,0,-1.2873153686523438,41.75493796199953,3.9676754210013314,5.245241165161133,256,3,14,0,0.2570416331291199,0.0,"expected computer keyboard>=1, found 0
expected black sink>=1, found 0 black; and 1 yellow",a photo of a yellow computer keyboard and a black sink,color_attr
458,ours,0,-0.016175556927919388,39.553931120000925,3.0622169809976185,5.372836112976074,247,2,11,5,0.2658606171607971,0.0,"expected parking meter>=1, found 0
expected red laptop>=1, found 0 red; and 1 purple",a photo of a purple parking meter and a red laptop,color_attr
458,psp,0,-0.0070459479466080666,41.394693504000315,3.935180003001733,5.245241165161133,256,3,14,5,0.2663926184177398,0.0,"expected parking meter>=1, found 0
expected red laptop>=1, found 0 red; and 1 purple",a photo of a purple parking meter and a red laptop,color_attr
460,ours,0,-1.8413169384002686,39.782349795998016,3.0963464780033974,5.372836112976074,247,2,11,6,0.1920122504234314,0.0,"expected skis>=1, found 0
expected brown tie>=1, found 0 brown; and 1 red",a photo of a red skis and a brown tie,color_attr
460,psp,0,-1.7415847778320312,41.55202119200112,3.9428057779987284,5.245241165161133,256,3,14,1,0.2554859220981598,0.0,"expected skis>=1, found 0
expected brown tie>=1, found 0 brown; and 1 red",a photo of a red skis and a brown tie,color_attr
462,ours,0,1.8708757162094116,39.903836801997386,3.1147783909982536,5.372836112976074,247,2,11,6,0.323066771030426,0.0,"expected handbag>=1, found 0",a photo of a white handbag and a purple bed,color_attr
462,psp,0,1.8686455488204956,41.860504577998654,3.9829654749992187,5.245241165161133,256,3,14,6,0.3235819339752197,0.0,"expected handbag>=1, found 0",a photo of a white handbag and a purple bed,color_attr
464,ours,0,1.7714476585388184,39.66697723600009,3.0743387049988087,5.372836112976074,247,2,11,4,0.3080479502677917,1.0,,a photo of a purple dog and a black dining table,color_attr
464,psp,0,1.775815725326538,41.70697608300179,3.967031671996665,5.245241165161133,256,3,14,4,0.3083916902542114,1.0,,a photo of a purple dog and a black dining table,color_attr
466,ours,0,0.8558197617530823,39.73655022800085,3.111299058997247,5.372836112976074,247,2,11,6,0.2944370806217193,1.0,,a photo of a blue cell phone and a green apple,color_attr
466,psp,0,0.8285555243492126,41.54161750500134,3.9354050219990313,5.245241165161133,256,3,14,6,0.2940340936183929,1.0,,a photo of a blue cell phone and a green apple,color_attr
468,ours,0,0.09133770316839218,39.815448747998744,3.1067766759988444,5.372836112976074,247,2,11,5,0.2909994423389435,0.0,"expected white potted plant>=1, found 0 white; and 1 green",a photo of a brown carrot and a white potted plant,color_attr
468,psp,0,0.08983466029167175,41.73692181300066,3.971318051997514,5.245241165161133,256,3,14,5,0.2904629409313202,0.0,"expected white potted plant>=1, found 0 white; and 1 green",a photo of a brown carrot and a white potted plant,color_attr
470,ours,0,1.4957687854766846,39.929423382000095,3.113075970999489,5.372836112976074,247,2,11,2,0.271537184715271,1.0,,a photo of a blue laptop and a brown bear,color_attr
470,psp,0,1.5121880769729614,41.85467266699925,3.978714463999495,5.245241165161133,256,3,14,2,0.2719507813453674,1.0,,a photo of a blue laptop and a brown bear,color_attr
472,ours,0,1.7277858257293701,39.90649982499963,3.1088517809985206,5.372836112976074,247,2,11,8,0.3110340237617492,0.0,"expected blue potted plant>=1, found 0 blue; and 1 green",a photo of a yellow stop sign and a blue potted plant,color_attr
472,psp,0,1.6059437990188599,41.92058382500181,3.986291867997352,5.245241165161133,256,3,14,7,0.2905782759189605,0.0,"expected blue potted plant>=1, found 0 blue; and 1 yellow",a photo of a yellow stop sign and a blue potted plant,color_attr
474,ours,0,0.34464576840400696,39.93432335700345,3.1096535149990814,5.372836112976074,247,2,11,1,0.2655957639217376,0.0,"expected sink>=1, found 0",a photo of an orange truck and a pink sink,color_attr
474,psp,0,0.32978665828704834,41.852067525000166,3.98617726899829,5.245241165161133,256,3,14,1,0.2651752233505249,0.0,"expected sink>=1, found 0",a photo of an orange truck and a pink sink,color_attr
476,ours,0,1.9424792528152466,39.86748608099879,3.1069355530053144,5.372836112976074,247,2,11,2,0.3228903710842132,1.0,,a photo of a green couch and an orange umbrella,color_attr
476,psp,0,1.9417284727096558,41.8886988919985,3.9871163530006015,5.245241165161133,256,3,14,2,0.3216408491134643,1.0,,a photo of a green couch and an orange umbrella,color_attr
478,ours,0,1.1441855430603027,39.68685434799772,3.085941028999514,5.372836112976074,247,2,11,2,0.2846579551696777,0.0,"expected yellow cake>=1, found 0 yellow; and 1 black",a photo of a black broccoli and a yellow cake,color_attr
478,psp,0,1.0957244634628296,41.85072671200032,3.9682255770021584,5.245241165161133,256,3,14,2,0.2845649421215057,1.0,,a photo of a black broccoli and a yellow cake,color_attr
480,ours,0,-1.0524749755859375,39.667278885001,3.0837343679959304,5.372836112976074,247,2,11,7,0.2473908364772796,0.0,"expected sink>=1, found 0",a photo of a purple tennis racket and a black sink,color_attr
480,psp,0,-0.5469755530357361,41.52459020199967,3.941021919999912,5.245241165161133,256,3,14,1,0.2687187790870666,0.0,"expected sink>=1, found 0",a photo of a purple tennis racket and a black sink,color_attr
482,ours,0,1.627284288406372,39.83437322700047,3.100640297998325,5.372836112976074,247,2,11,8,0.336367666721344,0.0,"expected blue clock>=1, found 0 blue; and 1 white
expected white cup>=1, found 0 white; and 1 blue",a photo of a blue clock and a white cup,color_attr
482,psp,0,1.3342150449752808,41.699677609998616,3.968861215002107,5.245241165161133,256,3,14,1,0.3053315281867981,1.0,,a photo of a blue clock and a white cup,color_attr
484,ours,0,1.79541015625,39.879319640000176,3.115225759000168,5.372836112976074,247,2,11,4,0.3076961040496826,0.0,"expected red giraffe>=1, found 0 red; and 1 brown",a photo of a white handbag and a red giraffe,color_attr
484,psp,0,1.791551947593689,41.82082549199913,3.9873862769964035,5.245241165161133,256,3,14,4,0.3074874877929687,0.0,"expected red giraffe>=1, found 0 red; and 1 brown",a photo of a white handbag and a red giraffe,color_attr
486,ours,0,1.7719537019729614,39.920948691000376,3.113624986999639,5.372836112976074,247,2,11,4,0.2705954611301422,0.0,"expected black scissors>=1, found 0 black; and 1 pink",a photo of a pink handbag and a black scissors,color_attr
486,psp,0,1.8947535753250122,41.85617741999886,3.9820752829982666,5.245241165161133,256,3,14,2,0.2816113233566284,1.0,,a photo of a pink handbag and a black scissors,color_attr
488,ours,0,-0.6901955604553223,39.58597064300193,3.077241946997674,5.372836112976074,247,2,11,2,0.2386516630649566,0.0,"expected cell phone>=1, found 0",a photo of a black bus and a brown cell phone,color_attr
488,psp,0,-0.6999393105506897,41.65779578799993,3.9575614309978846,5.245241165161133,256,3,14,2,0.2389068007469177,0.0,"expected cell phone>=1, found 0",a photo of a black bus and a brown cell phone,color_attr
490,ours,0,1.7164162397384644,39.90564168999845,3.117566895998607,5.372836112976074,247,2,11,1,0.2665563225746155,0.0,"expected white cell phone>=1, found 0 white; and 1 blue",a photo of a blue handbag and a white cell phone,color_attr
490,psp,0,1.759935736656189,41.597655898000085,3.963734813998599,5.245241165161133,256,3,14,2,0.2771443128585815,0.0,"expected white cell phone>=1, found 0 white; and 1 brown",a photo of a blue handbag and a white cell phone,color_attr
492,ours,0,0.867195725440979,39.656311882998125,3.068891557002644,5.372836112976074,247,2,11,4,0.2854571938514709,0.0,"expected white tie>=1, found 0 white; and 1 black",a photo of a white tie and a purple skateboard,color_attr
492,psp,0,0.8406092524528503,41.78260870500162,3.961537233004492,5.245241165161133,256,3,14,4,0.2844136357307434,0.0,"expected white tie>=1, found 0 white; and 1 black",a photo of a white tie and a purple skateboard,color_attr
494,ours,0,1.8665255308151245,39.86248897399855,3.1019419840013143,5.372836112976074,247,2,11,3,0.3378936052322387,0.0,"expected white wine glass>=1, found 0 white; and 1 yellow",a photo of a white wine glass and a brown giraffe,color_attr
494,psp,0,1.8654900789260864,41.6636557990023,3.968089723995945,5.245241165161133,256,3,14,3,0.3374518752098083,0.0,"expected white wine glass>=1, found 0 white; and 1 yellow",a photo of a white wine glass and a brown giraffe,color_attr
496,ours,0,0.1874537467956543,39.85616382800072,3.1079284229963378,5.372836112976074,247,2,11,3,0.2691113948822021,0.0,"expected black spoon>=1, found 0 black; and 1 white",a photo of an orange microwave and a black spoon,color_attr
496,psp,0,0.30809229612350464,41.87764367300042,3.9820966350052913,5.245241165161133,256,3,14,3,0.2690382599830627,0.0,"expected black spoon>=1, found 0 black; and 1 white",a photo of an orange microwave and a black spoon,color_attr
498,ours,0,-1.3520158529281616,39.86563180400117,3.1111008230000152,5.372836112976074,247,2,11,5,0.2528938949108124,0.0,"expected suitcase>=1, found 0",a photo of a blue toilet and a white suitcase,color_attr
498,psp,0,-1.0118341445922852,41.854380007000145,3.9717319500014128,5.245241165161133,256,3,14,6,0.2769266366958618,0.0,"expected suitcase>=1, found 0",a photo of a blue toilet and a white suitcase,color_attr
500,ours,0,0.88370680809021,39.89587254499929,3.1104871579955216,5.372836112976074,247,2,11,5,0.2673377990722656,0.0,"expected pink dog>=1, found 0 pink; and 1 black",a photo of a yellow dining table and a pink dog,color_attr
500,psp,0,0.9206069707870483,41.89833830600037,3.977142448995437,5.245241165161133,256,3,14,5,0.2668457925319671,0.0,"expected pink dog>=1, found 0 pink; and 1 black",a photo of a yellow dining table and a pink dog,color_attr
502,ours,0,-0.1293371319770813,39.945326088,3.1104119299961894,5.372836112976074,247,2,11,5,0.285266101360321,0.0,"expected blue tie>=1, found 0 blue; and 1 pink
expected pink dining table>=1, found 0 pink; and 1 blue",a photo of a blue tie and a pink dining table,color_attr
502,psp,0,-0.1141677126288414,41.89504599599968,3.9730362689988397,5.245241165161133,256,3,14,5,0.2845923900604248,0.0,"expected blue tie>=1, found 0 blue; and 1 pink
expected pink dining table>=1, found 0 pink; and 1 blue",a photo of a blue tie and a pink dining table,color_attr
504,ours,0,-0.9469072818756104,39.81020361500123,3.0991173059992434,5.372836112976074,247,2,11,2,0.3029137849807739,0.0,"expected yellow pizza>=1, found 0 yellow; and 1 purple",a photo of a yellow pizza and a green oven,color_attr
504,psp,0,0.09023197740316391,41.86998989199856,3.9856475360029435,5.245241165161133,256,3,14,4,0.2914047241210937,0.0,"expected yellow pizza>=1, found 0 yellow; and 1 green
expected green oven>=1, found 0 green; and 1 yellow",a photo of a yellow pizza and a green oven,color_attr
506,ours,0,1.5376105308532715,39.60921235999922,3.0677703480032505,5.372836112976074,247,2,11,2,0.2728170156478882,1.0,,a photo of a purple computer keyboard and a blue scissors,color_attr
506,psp,0,1.5396720170974731,41.57796667299772,3.9340032110012544,5.245241165161133,256,3,14,2,0.2726939022541046,1.0,,a photo of a purple computer keyboard and a blue scissors,color_attr
508,ours,0,1.5215669870376587,39.88277223800105,3.1017827190007665,5.372836112976074,247,2,11,1,0.2879514396190643,0.0,"expected refrigerator>=1, found 0",a photo of a yellow parking meter and a pink refrigerator,color_attr
508,psp,0,1.5270984172821045,41.77386702899821,3.9678806150004675,5.245241165161133,256,3,14,1,0.2878113985061645,0.0,"expected refrigerator>=1, found 0",a photo of a yellow parking meter and a pink refrigerator,color_attr
510,ours,0,0.35569053888320923,39.860528937999334,3.098148780001793,5.372836112976074,247,2,11,3,0.3239402174949646,0.0,"expected green cow>=1, found 0 green; and 1 red",a photo of a red umbrella and a green cow,color_attr
510,psp,0,1.4478776454925537,41.86475328199958,3.982555261001835,5.245241165161133,256,3,14,0,0.3040281534194946,1.0,,a photo of a red umbrella and a green cow,color_attr
512,ours,0,-0.8568328619003296,39.594069519000186,3.0641861249969224,5.372836112976074,247,2,11,5,0.2874249219894409,0.0,"expected oven>=1, found 0",a photo of a brown oven and a purple train,color_attr
512,psp,0,-0.7756248116493225,41.66831080600241,3.9515288850016077,5.245241165161133,256,3,14,5,0.2881098985671997,0.0,"expected oven>=1, found 0",a photo of a brown oven and a purple train,color_attr
514,ours,0,0.3014688193798065,39.65829627899802,3.0862459809977736,5.372836112976074,247,2,11,0,0.2548105716705322,0.0,"expected yellow bowl>=1, found 0 yellow; and 1 green",a photo of a green cup and a yellow bowl,color_attr
514,psp,0,0.3341377377510071,41.48376116899817,3.943367951997061,5.245241165161133,256,3,14,0,0.2550022900104522,0.0,"expected yellow bowl>=1, found 0 yellow; and 1 green",a photo of a green cup and a yellow bowl,color_attr
516,ours,0,-0.2680794894695282,39.86712380799872,3.1126240999983565,5.372836112976074,247,2,11,6,0.267143040895462,0.0,"expected orange motorcycle>=1, found 0 orange; and 1 pink
expected donut>=1, found 0",a photo of an orange motorcycle and a pink donut,color_attr
516,psp,0,0.7009019255638123,41.773211530999106,3.9728315840002324,5.245241165161133,256,3,14,1,0.2654894590377807,0.0,"expected orange motorcycle>=1, found 0 orange; and 1 pink
expected donut>=1, found 0",a photo of an orange motorcycle and a pink donut,color_attr
518,ours,0,1.7917767763137817,39.638225578000856,3.0809167019979213,5.372836112976074,247,2,11,1,0.2635977268218994,0.0,"expected carrot>=1, found 0",a photo of an orange handbag and a green carrot,color_attr
518,psp,0,1.8125815391540527,41.683921130999806,3.957477514999482,5.245241165161133,256,3,14,1,0.2642013430595398,0.0,"expected carrot>=1, found 0",a photo of an orange handbag and a green carrot,color_attr
520,ours,0,1.8945846557617188,39.576633435000986,3.072294535002584,5.372836112976074,247,2,11,7,0.3162798285484314,0.0,"expected white dog>=1, found 0 white; and 1 blue",a photo of a white dog and a blue potted plant,color_attr
520,psp,0,1.7391853332519531,41.507990368998435,3.9427361189991643,5.245241165161133,256,3,14,1,0.3104328513145447,0.0,"expected blue potted plant>=1, found 0 blue; and 1 white",a photo of a white dog and a blue potted plant,color_attr
522,ours,0,-1.3326940536499023,39.52180213700194,3.085115918001975,5.372836112976074,247,2,11,2,0.226473331451416,0.0,"expected red stop sign>=1, found 0 red; and 1 white
expected book>=1, found 0",a photo of a red stop sign and a blue book,color_attr
522,psp,0,-1.3345375061035156,41.503180838000844,3.9267883059947053,5.245241165161133,256,3,14,2,0.2260802239179611,0.0,"expected red stop sign>=1, found 0 red; and 1 white
expected book>=1, found 0",a photo of a red stop sign and a blue book,color_attr
524,ours,0,1.8628621101379395,39.80351264899946,3.0952904709993163,5.372836112976074,247,2,11,6,0.3089949786663055,0.0,"expected black potted plant>=1, found 0 black; and 1 white",a photo of a black potted plant and a yellow toilet,color_attr
524,psp,0,1.8565564155578613,41.65060741900015,3.9609428990006563,5.245241165161133,256,3,14,6,0.3089361786842346,0.0,"expected black potted plant>=1, found 0 black; and 1 white",a photo of a black potted plant and a yellow toilet,color_attr
526,ours,0,0.36485403776168823,39.74357718700048,3.0815223819990933,5.372836112976074,247,2,11,4,0.2802733480930328,1.0,,a photo of an orange donut and a yellow stop sign,color_attr
526,psp,0,-0.7090309858322144,41.8295966959995,3.980283912995219,5.245241165161133,256,3,14,1,0.2267824113368988,0.0,"expected donut>=1, found 0",a photo of an orange donut and a yellow stop sign,color_attr
528,ours,0,1.6228002309799194,39.5483884560017,3.065144985997904,5.372836112976074,247,2,11,7,0.2725066244602203,1.0,,a photo of an orange tennis racket and a yellow sports ball,color_attr
528,psp,0,1.6218918561935425,41.5136605680018,3.934549100998993,5.245241165161133,256,3,14,7,0.2726487517356872,1.0,,a photo of an orange tennis racket and a yellow sports ball,color_attr
530,ours,0,1.9045617580413818,39.72348310199959,3.0815856469998835,5.372836112976074,247,2,11,1,0.3402504324913025,1.0,,a photo of a purple suitcase and an orange pizza,color_attr
530,psp,0,1.906686782836914,41.481426042999374,3.929191544997593,5.245241165161133,256,3,14,1,0.3405039608478546,1.0,,a photo of a purple suitcase and an orange pizza,color_attr
532,ours,0,1.902746558189392,39.90289038099945,3.1144656450014736,5.372836112976074,247,2,11,8,0.3323760628700256,1.0,,a photo of a purple backpack and a white umbrella,color_attr
532,psp,0,0.07950040698051453,41.82582943300076,3.9824492290026683,5.245241165161133,256,3,14,6,0.3016322553157806,0.0,"expected white umbrella>=1, found 0 white; and 1 purple",a photo of a purple backpack and a white umbrella,color_attr
534,ours,0,0.4591257572174072,39.6693782930015,3.0807783540003584,5.372836112976074,247,2,11,0,0.2907624244689941,0.0,"expected green tennis racket>=1, found 0 green; and 1 brown",a photo of a green tennis racket and a black dog,color_attr
534,psp,0,0.47380584478378296,41.763468830999045,3.9700055380017147,5.245241165161133,256,3,14,0,0.2907120585441589,0.0,"expected green tennis racket>=1, found 0 green; and 1 brown
expected black dog>=1, found 0 black; and 1 green",a photo of a green tennis racket and a black dog,color_attr
536,ours,0,0.24336890876293182,39.59162530100002,3.0733754120010417,5.372836112976074,247,2,11,5,0.3297006487846374,0.0,"expected pink broccoli>=1, found 0 pink; and 1 green
expected red sink>=1, found 0 red; and 1 pink",a photo of a pink broccoli and a red sink,color_attr
536,psp,0,0.4016275405883789,41.558338594000816,3.9525374500008184,5.245241165161133,256,3,14,3,0.2932707965373993,0.0,"expected pink broccoli>=1, found 0 pink; and 1 green
expected sink>=1, found 0",a photo of a pink broccoli and a red sink,color_attr
538,ours,0,1.8432494401931763,39.57793036200019,3.072321017996728,5.372836112976074,247,2,11,2,0.31478351354599,0.0,"expected white toilet>=1, found 0 white; and 1 brown
expected red apple>=1, found 0 red; and 1 pink",a photo of a white toilet and a red apple,color_attr
538,psp,0,1.842448353767395,41.468442176999815,3.9437504150009772,5.245241165161133,256,3,14,2,0.3150271773338318,0.0,"expected white toilet>=1, found 0 white; and 1 brown
expected red apple>=1, found 0 red; and 1 pink",a photo of a white toilet and a red apple,color_attr
540,ours,0,-0.3981342911720276,39.791964856998675,3.097815351000463,5.372836112976074,247,2,11,1,0.2812496423721313,0.0,"expected black car>=1, found 0 black; and 1 white
expected green parking meter>=1, found 0 green; and 1 black",a photo of a black car and a green parking meter,color_attr
540,psp,0,0.12865710258483887,41.89747014399836,3.9966147529994487,5.245241165161133,256,3,14,5,0.2766894102096557,0.0,"expected black car>=1, found 0 black; and 1 green",a photo of a black car and a green parking meter,color_attr
542,ours,0,0.6516377925872803,39.53726983600063,3.076168521998625,5.372836112976074,247,2,11,1,0.322883665561676,0.0,"expected stop sign>=1, found 0",a photo of a brown giraffe and a white stop sign,color_attr
542,psp,0,0.6792672872543335,41.59892152199973,3.946871869997267,5.245241165161133,256,3,14,1,0.3237473964691162,0.0,"expected stop sign>=1, found 0",a photo of a brown giraffe and a white stop sign,color_attr
544,ours,0,1.7400844097137451,39.55093358799786,3.074642388997745,5.372836112976074,247,2,11,5,0.2810817658901214,0.0,"expected orange cow>=1, found 0 orange; and 1 pink",a photo of an orange cow and a purple sandwich,color_attr
544,psp,0,1.7768925428390503,41.46477768399927,3.938750657001947,5.245241165161133,256,3,14,0,0.3381273746490478,0.0,"expected orange cow>=1, found 0 orange; and 1 purple",a photo of an orange cow and a purple sandwich,color_attr
546,ours,0,0.8391929268836975,39.81910999200045,3.104161731003842,5.372836112976074,247,2,11,6,0.2576633989810943,0.0,"expected donut>=1, found 0",a photo of a brown knife and a blue donut,color_attr
546,psp,0,1.1495188474655151,41.65949036600068,3.970767668000917,5.245241165161133,256,3,14,2,0.2688827514648437,0.0,"expected brown knife>=1, found 0 brown; and 1 blue
expected blue donut>=1, found 0 blue; and 1 brown",a photo of a brown knife and a blue donut,color_attr
548,ours,0,1.515697956085205,39.91479204500138,3.10918748700351,5.372836112976074,247,2,11,8,0.2882094383239746,1.0,,a photo of a yellow bicycle and a red motorcycle,color_attr
548,psp,0,1.513202428817749,41.82626643700132,3.9815239239978837,5.245241165161133,256,3,14,0,0.2912509739398956,1.0,,a photo of a yellow bicycle and a red motorcycle,color_attr
550,ours,0,-1.4376534223556519,39.66351258400027,3.0833422240029904,5.372836112976074,247,2,11,8,0.243408590555191,0.0,"expected toilet>=1, found 0",a photo of an orange traffic light and a white toilet,color_attr
550,psp,0,-1.5908883810043335,41.782540494001296,3.9633227019985497,5.245241165161133,256,3,14,0,0.2315591275691986,0.0,"expected traffic light>=1, found 0
expected toilet>=1, found 0",a photo of an orange traffic light and a white toilet,color_attr
552,ours,0,0.7459544539451599,39.655253845001425,3.0862379710015375,5.372836112976074,247,2,11,4,0.2774789929389953,0.0,"expected baseball glove>=1, found 0",a photo of a blue pizza and a yellow baseball glove,color_attr
552,psp,0,0.8023941516876221,41.50042745300016,3.9453496700007236,5.245241165161133,256,3,14,4,0.2780959606170654,0.0,"expected baseball glove>=1, found 0",a photo of a blue pizza and a yellow baseball glove,color_attr
1,ours,1,1.4199105501174927,37.52856457500002,2.9241875799998525,5.372836112976074,247,2,11,1,0.2981494069099426,1.0,,a photo of a cow,single_object
1,psp,1,1.4091767072677612,36.119293036000045,3.5073182969999834,5.245241165161133,256,3,14,1,0.2985268235206604,1.0,,a photo of a cow,single_object
3,ours,1,0.522678017616272,42.465950108000015,3.310287231000075,5.372836112976074,247,2,11,8,0.2747629880905151,1.0,,a photo of a clock,single_object
3,psp,1,0.5719085335731506,41.88466848500002,3.9874640009998075,5.245241165161133,256,3,14,7,0.2900590598583221,1.0,,a photo of a clock,single_object
5,ours,1,0.5958375334739685,41.888918876999924,3.2590020950001417,5.372836112976074,247,2,11,7,0.283882200717926,1.0,,a photo of a suitcase,single_object
5,psp,1,0.8497990369796753,43.36774526099998,4.10172036300014,5.245241165161133,256,3,14,0,0.3065088391304016,1.0,,a photo of a suitcase,single_object
7,ours,1,0.44991084933280945,41.87741383299999,3.2516502729999957,5.372836112976074,247,2,11,2,0.2347261756658554,1.0,,a photo of a surfboard,single_object
7,psp,1,0.4588784873485565,44.05515674499998,4.186875053999756,5.245241165161133,256,3,14,2,0.2350699007511139,1.0,,a photo of a surfboard,single_object
9,ours,1,0.1787993460893631,41.86172268900009,3.2506011220000346,5.372836112976074,247,2,11,5,0.2566813826560974,1.0,,a photo of a cup,single_object
9,psp,1,0.17732451856136322,43.859319459999824,4.156917395000164,5.245241165161133,256,3,14,5,0.2567351460456848,1.0,,a photo of a cup,single_object
11,ours,1,1.1847995519638062,41.80008059900001,3.247624242000029,5.372836112976074,247,2,11,6,0.2963576316833496,1.0,,a photo of a potted plant,single_object
11,psp,1,1.213730812072754,43.88041751799983,4.165990367999939,5.245241165161133,256,3,14,6,0.294514387845993,1.0,,a photo of a potted plant,single_object
13,ours,1,0.8203642964363098,41.72671581099985,3.2391131839999616,5.372836112976074,247,2,11,7,0.2964885234832763,1.0,,a photo of a zebra,single_object
13,psp,1,0.8252776861190796,43.748376044,4.154617380999753,5.245241165161133,256,3,14,7,0.2973529398441314,1.0,,a photo of a zebra,single_object
15,ours,1,0.768172562122345,41.550749201000144,3.2228877450002074,5.372836112976074,247,2,11,1,0.2635271549224853,1.0,,a photo of a spoon,single_object
15,psp,1,0.7816190719604492,43.60509073000003,4.147996939999757,5.245241165161133,256,3,14,1,0.2624540627002716,1.0,,a photo of a spoon,single_object
17,ours,1,0.7449464201927185,41.55617389600002,3.2356762799997796,5.372836112976074,247,2,11,4,0.2449453175067901,1.0,,a photo of a car,single_object
17,psp,1,0.7331898808479309,43.64227116799998,4.136554727999965,5.245241165161133,256,3,14,4,0.24521504342556,1.0,,a photo of a car,single_object
19,ours,1,0.72718346118927,41.76193245600007,3.2474709870000424,5.372836112976074,247,2,11,0,0.3024738729000091,1.0,,a photo of a traffic light,single_object
19,psp,1,0.7368834018707275,43.69517604400016,4.143468567999889,5.245241165161133,256,3,14,0,0.302786111831665,1.0,,a photo of a traffic light,single_object
21,ours,1,0.5074149370193481,41.86159767000004,3.2521693200003483,5.372836112976074,247,2,11,6,0.2701757848262787,1.0,,a photo of a couch,single_object
21,psp,1,0.49310246109962463,43.84590282699992,4.16001451499983,5.245241165161133,256,3,14,6,0.2695420384407043,1.0,,a photo of a couch,single_object
23,ours,1,0.633232593536377,41.67461235300016,3.2347853999999643,5.372836112976074,247,2,11,0,0.2555042207241058,1.0,,a photo of a computer keyboard,single_object
23,psp,1,0.6084322929382324,43.806226115999834,4.1541138380000575,5.245241165161133,256,3,14,0,0.2560709118843078,1.0,,a photo of a computer keyboard,single_object
25,ours,1,0.5476951599121094,41.687375270000075,3.235037130999899,5.372836112976074,247,2,11,2,0.3043549656867981,1.0,,a photo of a bird,single_object
25,psp,1,0.5492888689041138,43.67926800500004,4.138054868999916,5.245241165161133,256,3,14,0,0.2970526218414306,1.0,,a photo of a bird,single_object
27,ours,1,1.0175340175628662,41.74966568400032,3.2338541639996947,5.372836112976074,247,2,11,5,0.2828502357006073,1.0,,a photo of a dog,single_object
27,psp,1,1.0108903646469116,43.724575260000165,4.149934656999903,5.245241165161133,256,3,14,5,0.2829094231128692,1.0,,a photo of a dog,single_object
29,ours,1,0.6215025782585144,41.604928161000316,3.2189762289999635,5.372836112976074,247,2,11,2,0.2667917013168335,1.0,,a photo of a laptop,single_object
29,psp,1,0.8120645880699158,43.68710128199973,4.137731099000121,5.245241165161133,256,3,14,1,0.2934841811656952,1.0,,a photo of a laptop,single_object
31,ours,1,0.6262367367744446,41.601633172999755,3.233962440999676,5.372836112976074,247,2,11,8,0.2969315648078918,1.0,,a photo of a sandwich,single_object
31,psp,1,0.24510958790779114,43.61163797800009,4.1356666450001285,5.245241165161133,256,3,14,2,0.2905902564525604,1.0,,a photo of a sandwich,single_object
33,ours,1,0.5784159302711487,41.696853960000226,3.2399954899997283,5.372836112976074,247,2,11,3,0.3210703134536743,1.0,,a photo of a train,single_object
33,psp,1,0.5681684017181396,43.69373174200018,4.135131942000044,5.245241165161133,256,3,14,3,0.3207599520683288,1.0,,a photo of a train,single_object
35,ours,1,0.8665784001350403,41.65354560000014,3.2246045780002532,5.372836112976074,247,2,11,2,0.2714032530784607,1.0,,a photo of a chair,single_object
35,psp,1,0.7863409519195557,43.629342237999936,4.125105680000161,5.245241165161133,256,3,14,7,0.2703742682933807,1.0,,a photo of a chair,single_object
37,ours,1,1.1586456298828125,41.634323952999694,3.2288507489997755,5.372836112976074,247,2,11,3,0.2964665293693542,1.0,,a photo of a broccoli,single_object
37,psp,1,1.1641865968704224,43.61657928800014,4.139236198000162,5.245241165161133,256,3,14,3,0.2965188026428222,1.0,,a photo of a broccoli,single_object
39,ours,1,-0.19217488169670105,41.732052135999766,3.2384530269996503,5.372836112976074,247,2,11,4,0.295881986618042,1.0,,a photo of a skis,single_object
39,psp,1,-0.16325733065605164,43.72578657400027,4.1393391920000795,5.245241165161133,256,3,14,5,0.2753627896308899,1.0,,a photo of a skis,single_object
41,ours,1,0.4345496594905853,41.728101787000014,3.2416924640001525,5.372836112976074,247,2,11,4,0.2816902101039886,1.0,,a photo of a pizza,single_object
41,psp,1,0.43539416790008545,43.740500051000254,4.14625217000048,5.245241165161133,256,3,14,4,0.2821342349052429,1.0,,a photo of a pizza,single_object
43,ours,1,0.876191258430481,41.9632902620001,3.2558338959997855,5.372836112976074,247,2,11,4,0.2691175937652588,1.0,,a photo of a scissors,single_object
43,psp,1,0.8856301307678223,43.81228951100002,4.166397942000003,5.245241165161133,256,3,14,4,0.2704187035560608,1.0,,a photo of a scissors,single_object
45,ours,1,0.6406646370887756,41.71057850399984,3.2432537460003914,5.372836112976074,247,2,11,0,0.3038142621517181,1.0,,a photo of an elephant,single_object
45,psp,1,0.6357660293579102,43.959151437999935,4.170905001999927,5.245241165161133,256,3,14,0,0.3029617667198181,1.0,,a photo of an elephant,single_object
47,ours,1,0.7053757905960083,41.62782524600016,3.2203204249999544,5.372836112976074,247,2,11,1,0.2822177112102508,1.0,,a photo of an oven,single_object
47,psp,1,0.7609540820121765,43.710466232999806,4.144398676999572,5.245241165161133,256,3,14,1,0.2743149101734161,1.0,,a photo of an oven,single_object
49,ours,1,0.0062654875218868256,41.52886720200013,3.220974818999821,5.372836112976074,247,2,11,7,0.2031763195991516,1.0,,a photo of a person,single_object
49,psp,1,0.035988613963127136,43.534121613000025,4.125644696000563,5.245241165161133,256,3,14,5,0.2233718335628509,1.0,,a photo of a person,single_object
51,ours,1,0.9357191324234009,41.51710227000012,3.2089652780000506,5.372836112976074,247,2,11,5,0.2954939603805542,1.0,,a photo of a vase,single_object
51,psp,1,0.9329168200492859,43.515228818000196,4.128777917000207,5.245241165161133,256,3,14,5,0.2958621084690094,1.0,,a photo of a vase,single_object
53,ours,1,0.34498926997184753,41.49405907599976,3.2187365750000936,5.372836112976074,247,2,11,4,0.251461923122406,1.0,,a photo of a toothbrush,single_object
53,psp,1,0.3486153185367584,43.48104982899986,4.119508173000213,5.245241165161133,256,3,14,4,0.2508322596549988,1.0,,a photo of a toothbrush,single_object
55,ours,1,0.6676747798919678,41.54224244099987,3.2203763309998976,5.372836112976074,247,2,11,2,0.2696795165538788,1.0,,a photo of a dining table,single_object
55,psp,1,0.5973512530326843,43.51357570099981,4.121959727000103,5.245241165161133,256,3,14,7,0.2828920483589172,1.0,,a photo of a dining table,single_object
57,ours,1,1.095298409461975,41.54403954600002,3.2248403110002073,5.372836112976074,247,2,11,4,0.3220376968383789,1.0,,a photo of a sheep,single_object
57,psp,1,1.0993940830230713,43.46226580699977,4.123227957999916,5.245241165161133,256,3,14,4,0.3223157525062561,1.0,,a photo of a sheep,single_object
59,ours,1,0.2355029582977295,41.59162971500018,3.2212084930001765,5.372836112976074,247,2,11,7,0.2802100777626037,1.0,,a photo of an airplane,single_object
59,psp,1,0.22724999487400055,43.525734592999925,4.1264492569998765,5.245241165161133,256,3,14,7,0.2786830067634582,1.0,,a photo of an airplane,single_object
61,ours,1,0.9462059736251831,41.73711860599997,3.244469853999817,5.372836112976074,247,2,11,1,0.3155316710472107,1.0,,a photo of a horse,single_object
61,psp,1,0.9413254261016846,43.598609976999796,4.123417057000097,5.245241165161133,256,3,14,1,0.3154269754886627,1.0,,a photo of a horse,single_object
63,ours,1,1.0924853086471558,41.89792606000037,3.2515408240001307,5.372836112976074,247,2,11,2,0.2940878272056579,1.0,,a photo of a donut,single_object
63,psp,1,1.0743197202682495,43.96043521399997,4.160842436000166,5.245241165161133,256,3,14,5,0.2702427506446838,1.0,,a photo of a donut,single_object
65,ours,1,1.0765058994293213,41.772384049000266,3.239390050000111,5.372836112976074,247,2,11,4,0.268098920583725,1.0,,a photo of a baseball glove,single_object
65,psp,1,0.9353713989257812,43.80163583400008,4.155565176000437,5.245241165161133,256,3,14,7,0.2651969194412231,1.0,,a photo of a baseball glove,single_object
67,ours,1,0.4111502170562744,41.74116471299976,3.2380275489999804,5.372836112976074,247,2,11,8,0.2464267909526825,1.0,,a photo of a sink,single_object
67,psp,1,0.4657456874847412,43.77791834499976,4.142804010000418,5.245241165161133,256,3,14,0,0.2665563821792602,1.0,,a photo of a sink,single_object
69,ours,1,0.9375572800636292,41.82695478300002,3.2465121160003036,5.372836112976074,247,2,11,1,0.2841004133224487,1.0,,a photo of a wine glass,single_object
69,psp,1,0.9388824701309204,43.970890323000276,4.177196742000433,5.245241165161133,256,3,14,1,0.2844423353672027,1.0,,a photo of a wine glass,single_object
71,ours,1,0.7293552160263062,41.706837275,3.2342737870003475,5.372836112976074,247,2,11,4,0.3127697706222534,1.0,,a photo of a bus,single_object
71,psp,1,0.7296395897865295,43.75540160100036,4.14995862700016,5.245241165161133,256,3,14,4,0.3114574551582336,1.0,,a photo of a bus,single_object
73,ours,1,0.7606731057167053,41.57651788700059,3.2320342490002076,5.372836112976074,247,2,11,5,0.2900733947753906,1.0,,a photo of a knife,single_object
73,psp,1,0.755328893661499,43.62852420299987,4.1321102549995885,5.245241165161133,256,3,14,0,0.26438769698143,1.0,,a photo of a knife,single_object
75,ours,1,0.597810685634613,41.656850960000156,3.240713510000205,5.372836112976074,247,2,11,5,0.2678396701812744,1.0,,a photo of a truck,single_object
75,psp,1,0.7826535701751709,43.644152746000145,4.140899948999504,5.245241165161133,256,3,14,7,0.2582205533981323,1.0,,a photo of a truck,single_object
77,ours,1,1.1946563720703125,41.610202101999676,3.2235045320003337,5.372836112976074,247,2,11,7,0.2426826655864715,1.0,,a photo of a sports ball,single_object
77,psp,1,1.1955294609069824,43.575048691999655,4.1183597110002665,5.245241165161133,256,3,14,7,0.2427453398704528,1.0,,a photo of a sports ball,single_object
79,ours,1,0.6112310886383057,41.53887393399964,3.219159381999816,5.372836112976074,247,2,11,4,0.2432842254638672,1.0,,a photo of a kite,single_object
79,psp,1,0.6381549835205078,43.56474270600029,4.123539576999974,5.245241165161133,256,3,14,3,0.2532113194465637,1.0,,a photo of a kite,single_object
81,ours,1,0.3122986853122711,41.56586904899996,3.220859300000484,5.372836112976074,247,2,11,7,0.25477135181427,0.0,"expected toothbrush>=1, found 0",a photo of a toothbrush and a snowboard,two_object
81,psp,1,0.28456953167915344,43.591673963000176,4.134517501999653,5.245241165161133,256,3,14,7,0.2565595805644989,0.0,"expected toothbrush>=1, found 0",a photo of a toothbrush and a snowboard,two_object
83,ours,1,0.8109596371650696,41.60699261599984,3.2338052979994245,5.372836112976074,247,2,11,4,0.3125576674938202,1.0,,a photo of a broccoli and a vase,two_object
83,psp,1,1.3932567834854126,43.58819619899987,4.139926961000128,5.245241165161133,256,3,14,0,0.2968397736549377,1.0,,a photo of a broccoli and a vase,two_object
85,ours,1,0.040643878281116486,41.886873141999786,3.2625711689997843,5.372836112976074,247,2,11,6,0.2425509989261627,1.0,,a photo of a fork and a knife,two_object
85,psp,1,0.05806253105401993,43.73417472100027,4.159148678000747,5.245241165161133,256,3,14,6,0.242458701133728,1.0,,a photo of a fork and a knife,two_object
87,ours,1,0.317552387714386,41.90104871699987,3.2518520440007705,5.372836112976074,247,2,11,1,0.2855879664421081,0.0,"expected horse>=1, found 0",a photo of a horse and a giraffe,two_object
87,psp,1,0.3230639696121216,44.02047760000005,4.177590723999856,5.245241165161133,256,3,14,1,0.285527229309082,0.0,"expected horse>=1, found 0",a photo of a horse and a giraffe,two_object
89,ours,1,0.19415897130966187,41.79689646999941,3.2470443230004093,5.372836112976074,247,2,11,0,0.2501888871192932,0.0,"expected toothbrush>=1, found 0",a photo of a toothbrush and a carrot,two_object
89,psp,1,0.5762302875518799,43.914756043000125,4.157554477999838,5.245241165161133,256,3,14,3,0.1991054117679596,0.0,"expected carrot>=1, found 0",a photo of a toothbrush and a carrot,two_object
91,ours,1,1.8025792837142944,41.78322900799958,3.2432729749998543,5.372836112976074,247,2,11,3,0.3010234832763672,1.0,,a photo of a hair drier and a bear,two_object
91,psp,1,1.8074960708618164,43.78239111200037,4.151678535000428,5.245241165161133,256,3,14,3,0.299915075302124,1.0,,a photo of a hair drier and a bear,two_object
93,ours,1,1.3123341798782349,41.749057932999676,3.231057883000176,5.372836112976074,247,2,11,1,0.2718826532363891,1.0,,a photo of a couch and a wine glass,two_object
93,psp,1,1.2981500625610352,43.712110522999865,4.146318109000276,5.245241165161133,256,3,14,1,0.2735854983329773,1.0,,a photo of a couch and a wine glass,two_object
95,ours,1,-0.03125585615634918,41.73636607099979,3.233942976000435,5.372836112976074,247,2,11,7,0.2355725914239883,0.0,"expected laptop>=1, found 0",a photo of a book and a laptop,two_object
95,psp,1,1.3730313777923584,43.7000329829998,4.15163591900091,5.245241165161133,256,3,14,6,0.2038950324058532,1.0,,a photo of a book and a laptop,two_object
97,ours,1,1.187373399734497,41.69199085999935,3.246270013999492,5.372836112976074,247,2,11,1,0.2871496975421905,1.0,,a photo of a frisbee and a couch,two_object
97,psp,1,1.4604413509368896,43.63531820700064,4.142238609999367,5.245241165161133,256,3,14,4,0.2767553031444549,1.0,,a photo of a frisbee and a couch,two_object
99,ours,1,0.09080801159143448,41.7766498660003,3.2443619339992438,5.372836112976074,247,2,11,5,0.2268550544977188,0.0,"expected computer mouse>=1, found 0",a photo of a toilet and a computer mouse,two_object
99,psp,1,1.4849082231521606,43.697858301999986,4.138402689000031,5.245241165161133,256,3,14,1,0.2589405179023742,1.0,,a photo of a toilet and a computer mouse,two_object
101,ours,1,1.9185764789581299,41.84691750000002,3.252866596999411,5.372836112976074,247,2,11,6,0.307813823223114,1.0,,a photo of a potted plant and a backpack,two_object
101,psp,1,1.9095754623413086,43.85870641300062,4.16126738300045,5.245241165161133,256,3,14,3,0.3080791234970093,1.0,,a photo of a potted plant and a backpack,two_object
103,ours,1,1.603003740310669,41.844281099,3.2578518640002585,5.372836112976074,247,2,11,8,0.3117462396621704,1.0,,a photo of a broccoli and a parking meter,two_object
103,psp,1,1.8269599676132202,43.848277424000116,4.1537985469994965,5.245241165161133,256,3,14,7,0.309020847082138,1.0,,a photo of a broccoli and a parking meter,two_object
105,ours,1,1.2144392728805542,41.73448857400035,3.2307362050005395,5.372836112976074,247,2,11,7,0.2549620866775512,1.0,,a photo of an oven and a bed,two_object
105,psp,1,1.2641135454177856,43.79486713499955,4.159047706999445,5.245241165161133,256,3,14,7,0.2551667094230652,1.0,,a photo of an oven and a bed,two_object
107,ours,1,0.6114335656166077,41.84845286900054,3.2484952650002015,5.372836112976074,247,2,11,1,0.2482458651065826,0.0,"expected spoon>=1, found 0",a photo of a vase and a spoon,two_object
107,psp,1,0.592960000038147,43.724378820999846,4.150351749999572,5.245241165161133,256,3,14,1,0.2480905950069427,0.0,"expected spoon>=1, found 0",a photo of a vase and a spoon,two_object
109,ours,1,1.6368534564971924,41.80560859099933,3.2497075909996056,5.372836112976074,247,2,11,3,0.2784601747989654,1.0,,a photo of a pizza and a bench,two_object
109,psp,1,1.6348260641098022,43.95704647900038,4.180831680000665,5.245241165161133,256,3,14,3,0.2779137790203094,1.0,,a photo of a pizza and a bench,two_object
111,ours,1,-0.8729888796806335,41.75086505699983,3.2425505459996202,5.372836112976074,247,2,11,2,0.2258690595626831,0.0,"expected bird>=1, found 0",a photo of a tennis racket and a bird,two_object
111,psp,1,-0.8519384860992432,43.7710871069994,4.146598497000923,5.245241165161133,256,3,14,2,0.2266120314598083,0.0,"expected bird>=1, found 0",a photo of a tennis racket and a bird,two_object
113,ours,1,1.7147027254104614,41.74702825299937,3.2395089329993425,5.372836112976074,247,2,11,6,0.2913405895233154,1.0,,a photo of a fork and a book,two_object
113,psp,1,1.7146862745285034,43.74916336100068,4.149272556998767,5.245241165161133,256,3,14,6,0.2913051843643188,1.0,,a photo of a fork and a book,two_object
115,ours,1,1.7736104726791382,41.74162304899983,3.2352483360000406,5.372836112976074,247,2,11,6,0.3101019561290741,1.0,,a photo of a laptop and a carrot,two_object
115,psp,1,1.7788853645324707,43.68310246100009,4.127109019999807,5.245241165161133,256,3,14,6,0.3101277649402618,1.0,,a photo of a laptop and a carrot,two_object
117,ours,1,1.0036064386367798,41.79698150199965,3.250946465999732,5.372836112976074,247,2,11,1,0.2144407331943512,1.0,,a photo of a microwave and a truck,two_object
117,psp,1,0.9943966269493103,43.94223937000061,4.179458547999275,5.245241165161133,256,3,14,1,0.2140368968248367,1.0,,a photo of a microwave and a truck,two_object
119,ours,1,-0.08270907402038574,41.73172929999964,3.2387258609996934,5.372836112976074,247,2,11,7,0.2384136170148849,0.0,"expected cell phone>=1, found 0",a photo of a frisbee and a cell phone,two_object
119,psp,1,-0.05131442844867706,43.69396886800041,4.13454094700046,5.245241165161133,256,3,14,7,0.2391826659440994,0.0,"expected cell phone>=1, found 0",a photo of a frisbee and a cell phone,two_object
121,ours,1,-1.2594196796417236,41.69276548200014,3.2315997819996483,5.372836112976074,247,2,11,3,0.2139854431152343,0.0,"expected bicycle>=1, found 0",a photo of a tennis racket and a bicycle,two_object
121,psp,1,-1.2747721672058105,43.704073344999415,4.148079488999429,5.245241165161133,256,3,14,3,0.2137321978807449,0.0,"expected bicycle>=1, found 0",a photo of a tennis racket and a bicycle,two_object
123,ours,1,1.8617408275604248,41.59523740300028,3.2337656170002447,5.372836112976074,247,2,11,3,0.2727873921394348,1.0,,a photo of a fire hydrant and a tennis racket,two_object
123,psp,1,1.8494445085525513,43.70318052499988,4.151723684000899,5.245241165161133,256,3,14,3,0.2713408470153808,1.0,,a photo of a fire hydrant and a tennis racket,two_object
125,ours,1,1.5029672384262085,41.600960814000246,3.2325599790001434,5.372836112976074,247,2,11,6,0.3070670366287231,1.0,,a photo of a pizza and a book,two_object
125,psp,1,1.5595967769622803,43.67774442800055,4.148284505999072,5.245241165161133,256,3,14,6,0.3068045973777771,1.0,,a photo of a pizza and a book,two_object
127,ours,1,-1.928649663925171,41.58732051700008,3.235428203999618,5.372836112976074,247,2,11,5,0.2223192155361175,0.0,"expected toaster>=1, found 0",a photo of a stop sign and a toaster,two_object
127,psp,1,-1.6505348682403564,43.57083393500034,4.121673847000238,5.245241165161133,256,3,14,0,0.2414536476135254,0.0,"expected toaster>=1, found 0",a photo of a stop sign and a toaster,two_object
129,ours,1,-0.0446772538125515,41.498827699000685,3.2264735290000317,5.372836112976074,247,2,11,6,0.2413450181484222,0.0,"expected chair>=1, found 0",a photo of a chair and a bench,two_object
129,psp,1,-0.011494394391775131,43.50210674899972,4.132852256999286,5.245241165161133,256,3,14,6,0.2410085350275039,0.0,"expected chair>=1, found 0",a photo of a chair and a bench,two_object
131,ours,1,0.9212300777435303,41.575031520000266,3.2155495239994707,5.372836112976074,247,2,11,4,0.2914363145828247,1.0,,a photo of a surfboard and a suitcase,two_object
131,psp,1,1.647208333015442,43.5312118289994,4.122598573999312,5.245241165161133,256,3,14,1,0.2992613911628723,1.0,,a photo of a surfboard and a suitcase,two_object
133,ours,1,0.9369646906852722,41.560044171999834,3.2222675579996576,5.372836112976074,247,2,11,0,0.2649262547492981,1.0,,a photo of a computer keyboard and a microwave,two_object
133,psp,1,0.9222436547279358,43.54198410299978,4.127134769999429,5.245241165161133,256,3,14,0,0.2640422284603119,1.0,,a photo of a computer keyboard and a microwave,two_object
135,ours,1,-0.1638685017824173,41.63828757699957,3.2387950629999978,5.372836112976074,247,2,11,7,0.2687483727931976,1.0,,a photo of a person and a snowboard,two_object
135,psp,1,-0.15508924424648285,43.62851302800027,4.13008388200069,5.245241165161133,256,3,14,6,0.2700434625148773,1.0,,a photo of a person and a snowboard,two_object
137,ours,1,1.921050786972046,41.66888757800007,3.230951930999254,5.372836112976074,247,2,11,4,0.3150751292705536,1.0,,a photo of a handbag and a refrigerator,two_object
137,psp,1,1.9242424964904785,43.679253643000266,4.140526463999777,5.245241165161133,256,3,14,4,0.3158724308013916,1.0,,a photo of a handbag and a refrigerator,two_object
139,ours,1,1.2181589603424072,41.641483850999975,3.2383821559988064,5.372836112976074,247,2,11,4,0.2827930450439453,0.0,"expected bench>=1, found 0",a photo of a toothbrush and a bench,two_object
139,psp,1,0.649098813533783,43.692284531999576,4.155358008999428,5.245241165161133,256,3,14,0,0.2663660049438476,0.0,"expected toothbrush>=1, found 0",a photo of a toothbrush and a bench,two_object
141,ours,1,1.8292750120162964,41.5891810840003,3.227568462999443,5.372836112976074,247,2,11,0,0.3216632008552551,1.0,,a photo of a horse and a train,two_object
141,psp,1,1.8288885354995728,43.623638867999944,4.138886803999412,5.245241165161133,256,3,14,0,0.320985734462738,1.0,,a photo of a horse and a train,two_object
143,ours,1,-1.3844797611236572,41.614145737999934,3.227727223000329,5.372836112976074,247,2,11,3,0.2219672501087188,0.0,"expected backpack>=1, found 0",a photo of a traffic light and a backpack,two_object
143,psp,1,-1.370506763458252,43.585130283999206,4.124395628999082,5.245241165161133,256,3,14,3,0.2207662910223007,0.0,"expected backpack>=1, found 0",a photo of a traffic light and a backpack,two_object
145,ours,1,1.4390017986297607,41.58402243399996,3.2264753270001165,5.372836112976074,247,2,11,8,0.2774938941001892,1.0,,a photo of a computer mouse and a spoon,two_object
145,psp,1,1.4732565879821777,43.62217128999964,4.133672187999764,5.245241165161133,256,3,14,7,0.285294622182846,1.0,,a photo of a computer mouse and a spoon,two_object
147,ours,1,1.024613857269287,41.64398469200023,3.2382844769999792,5.372836112976074,247,2,11,6,0.2455619275569915,1.0,,a photo of a bench and a snowboard,two_object
147,psp,1,1.0219974517822266,43.62368950000018,4.132039219000035,5.245241165161133,256,3,14,6,0.2456745207309723,1.0,,a photo of a bench and a snowboard,two_object
149,ours,1,1.2143769264221191,41.66863659899991,3.2288684299992383,5.372836112976074,247,2,11,4,0.2979583144187927,1.0,,a photo of a person and an apple,two_object
149,psp,1,1.2451845407485962,43.62656981500004,4.139259434999985,5.245241165161133,256,3,14,4,0.2929357886314392,1.0,,a photo of a person and an apple,two_object
151,ours,1,1.7908265590667725,41.643477420000636,3.233635499999764,5.372836112976074,247,2,11,3,0.3064579963684082,1.0,,a photo of a stop sign and a dog,two_object
151,psp,1,1.7900458574295044,43.63234572700003,4.134660001000157,5.245241165161133,256,3,14,3,0.306575745344162,1.0,,a photo of a stop sign and a dog,two_object
153,ours,1,1.8948451280593872,41.68047958399984,3.244508510999367,5.372836112976074,247,2,11,7,0.3028473258018493,1.0,,a photo of a wine glass and a handbag,two_object
153,psp,1,1.8945350646972656,43.64244400899952,4.136846991000311,5.245241165161133,256,3,14,7,0.3028118312358856,1.0,,a photo of a wine glass and a handbag,two_object
155,ours,1,1.6712732315063477,41.73584818400013,3.238767932000883,5.372836112976074,247,2,11,5,0.2792861461639404,1.0,,a photo of a frisbee and an apple,two_object
155,psp,1,1.6550971269607544,43.70763446000001,4.141990884000734,5.245241165161133,256,3,14,3,0.2509050965309143,0.0,"expected frisbee>=1, found 0",a photo of a frisbee and an apple,two_object
157,ours,1,-1.039536476135254,41.76008617400021,3.2411165880002955,5.372836112976074,247,2,11,2,0.1981377005577087,0.0,"expected fork>=1, found 0",a photo of a stop sign and a fork,two_object
157,psp,1,-1.2698417901992798,43.767886892000206,4.1511574679998375,5.245241165161133,256,3,14,3,0.2207309603691101,0.0,"expected fork>=1, found 0",a photo of a stop sign and a fork,two_object
159,ours,1,0.9310811758041382,41.694538820999696,3.226947709000342,5.372836112976074,247,2,11,2,0.2161425352096557,1.0,,a photo of a tv and a cell phone,two_object
159,psp,1,1.1661266088485718,43.74020015699989,4.139568507001059,5.245241165161133,256,3,14,4,0.2494849860668182,0.0,"expected tv>=1, found 0",a photo of a tv and a cell phone,two_object
161,ours,1,1.952681541442871,41.82448734599984,3.2550195200001326,5.372836112976074,247,2,11,1,0.3128277063369751,1.0,,a photo of a potted plant and a donut,two_object
161,psp,1,1.9515138864517212,43.75989943100012,4.162473944998965,5.245241165161133,256,3,14,1,0.313692569732666,1.0,,a photo of a potted plant and a donut,two_object
163,ours,1,0.13433097302913666,41.815413579999586,3.2462106129996755,5.372836112976074,247,2,11,4,0.2062891721725464,0.0,"expected couch>=1, found 0
expected snowboard>=1, found 0",a photo of a couch and a snowboard,two_object
163,psp,1,0.13876919448375702,43.85461382500034,4.1597744040009275,5.245241165161133,256,3,14,4,0.2071379125118255,0.0,"expected couch>=1, found 0
expected snowboard>=1, found 0",a photo of a couch and a snowboard,two_object
165,ours,1,1.6270620822906494,41.81318025499968,3.2470072119995166,5.372836112976074,247,2,11,5,0.2868574857711792,1.0,,a photo of an apple and a toothbrush,two_object
165,psp,1,1.62410306930542,43.819299702000535,4.1471428599998035,5.245241165161133,256,3,14,5,0.2864685356616974,1.0,,a photo of an apple and a toothbrush,two_object
167,ours,1,1.112817406654358,41.79673939799977,3.236065498998869,5.372836112976074,247,2,11,3,0.2661440372467041,1.0,,a photo of a person and a stop sign,two_object
167,psp,1,1.0983966588974,43.81945933799943,4.156869526001174,5.245241165161133,256,3,14,3,0.2657055556774139,1.0,,a photo of a person and a stop sign,two_object
169,ours,1,1.5240610837936401,41.70746837399929,3.2493380430023535,5.372836112976074,247,2,11,3,0.2850431203842163,1.0,,a photo of a baseball bat and a bear,two_object
169,psp,1,1.596359372138977,43.746518623000156,4.162482226000066,5.245241165161133,256,3,14,6,0.2587808668613434,1.0,,a photo of a baseball bat and a bear,two_object
171,ours,1,1.818886160850525,41.82874495899887,3.2431062269988615,5.372836112976074,247,2,11,7,0.2887231111526489,1.0,,a photo of a baseball glove and a carrot,two_object
171,psp,1,1.8105065822601318,43.78622892899875,4.146642134999638,5.245241165161133,256,3,14,7,0.2897421717643738,1.0,,a photo of a baseball glove and a carrot,two_object
173,ours,1,1.7154563665390015,41.80978896099987,3.253135775999908,5.372836112976074,247,2,11,8,0.2796075642108917,1.0,,a photo of a cake and a stop sign,two_object
173,psp,1,-0.7008482813835144,43.786695189000966,4.152305546000207,5.245241165161133,256,3,14,6,0.2134073078632354,0.0,"expected cake>=1, found 0",a photo of a cake and a stop sign,two_object
175,ours,1,-0.23086079955101013,41.69372172900148,3.237317682998764,5.372836112976074,247,2,11,0,0.2449826896190643,1.0,,a photo of a suitcase and a dining table,two_object
175,psp,1,-0.2363259494304657,43.83311598700129,4.141886080999029,5.245241165161133,256,3,14,0,0.2447552382946014,1.0,,a photo of a suitcase and a dining table,two_object
177,ours,1,1.6254560947418213,41.75939220100008,3.2479973190002056,5.372836112976074,247,2,11,1,0.2895023822784424,1.0,,a photo of a cell phone and a horse,two_object
177,psp,1,1.7200640439987183,43.748239845999706,4.15361605399994,5.245241165161133,256,3,14,5,0.3082441091537475,1.0,,a photo of a cell phone and a horse,two_object
179,ours,1,0.9881798028945923,41.860843628999646,3.242128390000289,5.372836112976074,247,2,11,6,0.2883741855621338,1.0,,a photo of two clocks,counting
179,psp,1,0.9813626408576965,43.766656024999975,4.148694124000031,5.245241165161133,256,3,14,6,0.2882564067840576,1.0,,a photo of two clocks,counting
181,ours,1,1.2195359468460083,41.633552826000596,3.23539881400211,5.372836112976074,247,2,11,4,0.274104505777359,0.0,"expected handbag>=4, found 3",a photo of four handbags,counting
181,psp,1,1.2026371955871582,44.022346428000674,4.164363725001749,5.245241165161133,256,3,14,4,0.2773027718067169,0.0,"expected handbag>=4, found 3",a photo of four handbags,counting
183,ours,1,1.5932338237762451,41.599230383999384,3.2347872110003664,5.372836112976074,247,2,11,1,0.3051089942455292,0.0,"expected sports ball<4, found 4",a photo of three sports balls,counting
183,psp,1,1.6191892623901367,43.38323861799836,4.100363634999667,5.245241165161133,256,3,14,1,0.3038492798805237,0.0,"expected sports ball<4, found 4",a photo of three sports balls,counting
185,ours,1,0.8144512176513672,42.07144781699935,3.267140775000371,5.372836112976074,247,2,11,7,0.2937144637107849,1.0,,a photo of two ties,counting
185,psp,1,1.0021662712097168,43.914331415999186,4.1667456649993255,5.245241165161133,256,3,14,7,0.2930172681808471,1.0,,a photo of two ties,counting
187,ours,1,-1.7195711135864258,41.70212533099948,3.2353906049993384,5.372836112976074,247,2,11,6,0.2070312798023224,0.0,"expected toothbrush>=2, found 0",a photo of two toothbrushs,counting
187,psp,1,-2.1231794357299805,43.86682973800089,4.1546113370004605,5.245241165161133,256,3,14,5,0.2329784780740738,0.0,"expected toothbrush>=2, found 0",a photo of two toothbrushs,counting
189,ours,1,1.599939227104187,41.62788976500087,3.230570464000266,5.372836112976074,247,2,11,5,0.3009753823280334,1.0,,a photo of three tennis rackets,counting
189,psp,1,1.5904768705368042,43.656118410999625,4.147269719998803,5.245241165161133,256,3,14,1,0.2928128242492676,0.0,"expected tennis racket>=3, found 2",a photo of three tennis rackets,counting
191,ours,1,1.4581432342529297,41.64321781400031,3.2318600519993197,5.372836112976074,247,2,11,1,0.2409560680389404,0.0,"expected vase>=4, found 3",a photo of four vases,counting
191,psp,1,1.4733320474624634,43.60780112300017,4.133564986997953,5.245241165161133,256,3,14,5,0.3152249455451965,0.0,"expected vase<5, found 5",a photo of four vases,counting
193,ours,1,0.016086064279079437,41.91379723499995,3.2543833239997184,5.372836112976074,247,2,11,1,0.2304792702198028,0.0,"expected computer keyboard>=4, found 1",a photo of four computer keyboards,counting
193,psp,1,-0.04111612215638161,43.746272591999514,4.157225161001406,5.245241165161133,256,3,14,1,0.2297329604625702,0.0,"expected computer keyboard>=4, found 2",a photo of four computer keyboards,counting
195,ours,1,1.3466579914093018,41.71782068799985,3.238425666999319,5.372836112976074,247,2,11,7,0.2920072078704834,0.0,"expected oven>=2, found 0",a photo of two ovens,counting
195,psp,1,1.3155876398086548,43.90059379200102,4.161680826999145,5.245241165161133,256,3,14,7,0.2915671467781067,0.0,"expected oven>=2, found 0",a photo of two ovens,counting
197,ours,1,1.0645174980163574,41.704203108,3.2403975049983273,5.372836112976074,247,2,11,2,0.265665054321289,1.0,,a photo of two bicycles,counting
197,psp,1,1.0712957382202148,43.640529948999756,4.135851945000468,5.245241165161133,256,3,14,2,0.264459490776062,1.0,,a photo of two bicycles,counting
199,ours,1,0.8899781703948975,41.63705631800076,3.240035259999786,5.372836112976074,247,2,11,6,0.2686428725719452,1.0,,a photo of three oranges,counting
199,psp,1,0.8553614020347595,43.61214853999991,4.1327641509979,5.245241165161133,256,3,14,6,0.2669568955898285,1.0,,a photo of three oranges,counting
201,ours,1,1.0375401973724365,41.65148911700089,3.245289935999608,5.372836112976074,247,2,11,5,0.3213943243026733,1.0,,a photo of three handbags,counting
201,psp,1,1.0217915773391724,43.653725357999065,4.130207833000895,5.245241165161133,256,3,14,5,0.321674644947052,1.0,,a photo of three handbags,counting
203,ours,1,0.6353414058685303,41.649203884999224,3.2383791970005404,5.372836112976074,247,2,11,6,0.3020399808883667,0.0,"expected snowboard<3, found 3",a photo of two snowboards,counting
203,psp,1,0.5069894194602966,43.662223260000246,4.138183564000428,5.245241165161133,256,3,14,6,0.3026969730854034,0.0,"expected snowboard<3, found 3",a photo of two snowboards,counting
205,ours,1,1.250753402709961,41.54458212300051,3.2248407989991392,5.372836112976074,247,2,11,7,0.3081693053245544,1.0,,a photo of three apples,counting
205,psp,1,1.2539674043655396,43.61776462799935,4.135936373000732,5.245241165161133,256,3,14,7,0.3080874383449554,1.0,,a photo of three apples,counting
207,ours,1,0.8517196178436279,41.69842728200092,3.2342209889993683,5.372836112976074,247,2,11,8,0.3268126547336578,1.0,,a photo of three hot dogs,counting
207,psp,1,0.32674965262413025,43.67908759100101,4.147956305001571,5.245241165161133,256,3,14,2,0.28848996758461,1.0,,a photo of three hot dogs,counting
209,ours,1,0.6313761472702026,41.59494971999993,3.228545909998502,5.372836112976074,247,2,11,8,0.1995958834886551,0.0,"expected kite>=3, found 2",a photo of three kites,counting
209,psp,1,-0.11435318738222122,43.57452908800042,4.125506987000335,5.245241165161133,256,3,14,2,0.1859436929225921,0.0,"expected kite>=3, found 2",a photo of three kites,counting
211,ours,1,0.5067892074584961,41.7089633960004,3.2540649359998497,5.372836112976074,247,2,11,8,0.2325832247734069,1.0,,a photo of three cell phones,counting
211,psp,1,0.30674728751182556,43.67449146599938,4.134601430998373,5.245241165161133,256,3,14,1,0.2560382187366485,0.0,"expected cell phone<4, found 4",a photo of three cell phones,counting
213,ours,1,0.1228579431772232,41.74261759100045,3.24237831299979,5.372836112976074,247,2,11,8,0.2381079792976379,0.0,"expected computer keyboard>=3, found 2",a photo of three computer keyboards,counting
213,psp,1,-0.20747032761573792,43.73846512599994,4.1548113049993844,5.245241165161133,256,3,14,1,0.2003535330295562,0.0,"expected computer keyboard>=3, found 1",a photo of three computer keyboards,counting
215,ours,1,0.8924926519393921,41.690168926001206,3.2352273569995305,5.372836112976074,247,2,11,1,0.2794037461280823,1.0,,a photo of two tv remotes,counting
215,psp,1,0.901148796081543,43.687060242998996,4.143025680999926,5.245241165161133,256,3,14,1,0.2784345746040344,1.0,,a photo of two tv remotes,counting
217,ours,1,0.7871546149253845,41.6050324480002,3.232932550001351,5.372836112976074,247,2,11,1,0.236249953508377,0.0,"expected book>=3, found 2",a photo of three books,counting
217,psp,1,0.7889409065246582,43.66784685799939,4.147728308000296,5.245241165161133,256,3,14,1,0.236346960067749,0.0,"expected book>=3, found 2",a photo of three books,counting
219,ours,1,1.650574803352356,41.71392997200019,3.242398636000871,5.372836112976074,247,2,11,2,0.313882827758789,1.0,,a photo of two vases,counting
219,psp,1,1.651778221130371,43.739513255999555,4.146995384000547,5.245241165161133,256,3,14,2,0.3136951029300689,1.0,,a photo of two vases,counting
221,ours,1,1.1271981000900269,41.72824109099929,3.2439973700002156,5.372836112976074,247,2,11,4,0.2438827157020568,1.0,,a photo of four chairs,counting
221,psp,1,1.377066969871521,43.71603852100088,4.140040308000607,5.245241165161133,256,3,14,2,0.2315275967121124,0.0,"expected chair>=4, found 3",a photo of four chairs,counting
223,ours,1,1.4692578315734863,41.72217397900022,3.234354615000484,5.372836112976074,247,2,11,6,0.3010586202144623,0.0,"expected stop sign>=4, found 3",a photo of four stop signs,counting
223,psp,1,1.465990662574768,43.77202028800093,4.15054905299985,5.245241165161133,256,3,14,6,0.3004900217056274,0.0,"expected stop sign>=4, found 3",a photo of four stop signs,counting
225,ours,1,1.3546395301818848,41.828486946998964,3.242694130000018,5.372836112976074,247,2,11,3,0.2331322431564331,1.0,,a photo of three refrigerators,counting
225,psp,1,1.3258273601531982,43.72412039899973,4.136319597000693,5.245241165161133,256,3,14,3,0.2335991561412811,1.0,,a photo of three refrigerators,counting
227,ours,1,0.6431800723075867,41.84829701600029,3.256308549998721,5.372836112976074,247,2,11,8,0.298258900642395,0.0,"expected giraffe>=3, found 2",a photo of three giraffes,counting
227,psp,1,0.4382694363594055,43.849991093000426,4.1815522860015335,5.245241165161133,256,3,14,0,0.3222680687904358,1.0,,a photo of three giraffes,counting
229,ours,1,1.16899573802948,41.781763214999955,3.246999909000806,5.372836112976074,247,2,11,7,0.3177497684955597,1.0,,a photo of three wine glasses,counting
229,psp,1,1.2340656518936157,43.88701262499853,4.171066137001617,5.245241165161133,256,3,14,4,0.2895295321941376,1.0,,a photo of three wine glasses,counting
231,ours,1,1.1038957834243774,41.785224831999585,3.2501240269994014,5.372836112976074,247,2,11,7,0.2897103428840637,1.0,,a photo of three trucks,counting
231,psp,1,1.1006417274475098,43.777735243998904,4.163889441999345,5.245241165161133,256,3,14,0,0.3078519105911255,1.0,,a photo of three trucks,counting
233,ours,1,1.081974983215332,41.78321255099945,3.2480250999997224,5.372836112976074,247,2,11,7,0.2920350134372711,1.0,,a photo of two carrots,counting
233,psp,1,1.0813472270965576,43.847863630000575,4.176426355998046,5.245241165161133,256,3,14,7,0.2919934391975403,1.0,,a photo of two carrots,counting
235,ours,1,0.8921050429344177,41.83020392000071,3.2467838859993208,5.372836112976074,247,2,11,8,0.2822519242763519,0.0,"expected traffic light>=4, found 1",a photo of four traffic lights,counting
235,psp,1,0.8416650295257568,43.79081882599894,4.161125894999714,5.245241165161133,256,3,14,7,0.2694501876831054,0.0,"expected traffic light>=4, found 3",a photo of four traffic lights,counting
237,ours,1,0.8229122757911682,41.69333681799981,3.237540166999679,5.372836112976074,247,2,11,2,0.2642512321472168,1.0,,a photo of two cars,counting
237,psp,1,0.9111173152923584,43.73115004800093,4.149307798999871,5.245241165161133,256,3,14,4,0.2861897051334381,1.0,,a photo of two cars,counting
239,ours,1,1.3753012418746948,41.61868137499914,3.2264634769999248,5.372836112976074,247,2,11,2,0.2942706942558288,1.0,,a photo of two wine glasses,counting
239,psp,1,1.3682527542114258,43.62416153399863,4.133638238998174,5.245241165161133,256,3,14,2,0.2944881319999695,1.0,,a photo of two wine glasses,counting
241,ours,1,0.9674616456031799,41.59868518000076,3.2353530260006664,5.372836112976074,247,2,11,1,0.2581435441970825,0.0,"expected knife>=4, found 3",a photo of four knifes,counting
241,psp,1,1.1424169540405273,43.66942442599975,4.127795020000121,5.245241165161133,256,3,14,0,0.2696540653705597,1.0,,a photo of four knifes,counting
243,ours,1,0.6443019509315491,41.643614966000314,3.231315728999107,5.372836112976074,247,2,11,7,0.2650961577892303,0.0,"expected zebra>=4, found 2",a photo of four zebras,counting
243,psp,1,0.8366112112998962,43.63592800600054,4.133981913999378,5.245241165161133,256,3,14,7,0.2731403112411499,0.0,"expected zebra>=4, found 3",a photo of four zebras,counting
245,ours,1,1.2967565059661865,42.061547851000796,3.260546642000918,5.372836112976074,247,2,11,2,0.2961037456989288,1.0,,a photo of four skateboards,counting
245,psp,1,1.2314295768737793,43.848960199999055,4.168113395999171,5.245241165161133,256,3,14,5,0.2914118766784668,1.0,,a photo of four skateboards,counting
247,ours,1,1.0838826894760132,41.699906892999934,3.237167628998577,5.372836112976074,247,2,11,6,0.3412451148033142,1.0,,a photo of three birds,counting
247,psp,1,1.0884488821029663,43.85378280999976,4.14883871299935,5.245241165161133,256,3,14,6,0.3415671586990356,1.0,,a photo of three birds,counting
249,ours,1,0.8542306423187256,41.55892161799966,3.219797591000315,5.372836112976074,247,2,11,0,0.2609325051307678,1.0,,a photo of four microwaves,counting
249,psp,1,0.9925605058670044,43.607334663000074,4.137398408000081,5.245241165161133,256,3,14,7,0.2616817057132721,0.0,"expected microwave>=4, found 3",a photo of four microwaves,counting
251,ours,1,1.2818125486373901,41.5899258369991,3.218948112000362,5.372836112976074,247,2,11,5,0.2975027561187744,1.0,,a photo of three laptops,counting
251,psp,1,1.2887098789215088,43.564407267000206,4.126580665997608,5.245241165161133,256,3,14,5,0.2977459132671356,1.0,,a photo of three laptops,counting
253,ours,1,-0.2759242355823517,41.664266724999834,3.236323605000507,5.372836112976074,247,2,11,5,0.2662168741226196,0.0,"expected parking meter>=2, found 0",a photo of two parking meters,counting
253,psp,1,0.5173460841178894,43.625704947000486,4.14235654499862,5.245241165161133,256,3,14,1,0.231751412153244,1.0,,a photo of two parking meters,counting
255,ours,1,1.2532414197921753,41.68834206399879,3.24127844099894,5.372836112976074,247,2,11,5,0.2477906197309494,0.0,"expected bench>=3, found 1",a photo of three benchs,counting
255,psp,1,1.2640053033828735,43.715246071000365,4.148307694000323,5.245241165161133,256,3,14,5,0.2465448379516601,0.0,"expected bench>=3, found 1",a photo of three benchs,counting
257,ours,1,-0.36522775888442993,41.764349377001054,3.245620454001255,5.372836112976074,247,2,11,2,0.2646015286445617,0.0,"expected book<5, found 5",a photo of four books,counting
257,psp,1,-0.3774084746837616,43.77171922999878,4.145488064999881,5.245241165161133,256,3,14,0,0.2534703016281128,0.0,"expected book<5, found 9",a photo of four books,counting
259,ours,1,1.4917577505111694,41.79186895100065,3.2366934860001493,5.372836112976074,247,2,11,8,0.2810956835746765,1.0,,a photo of a blue fire hydrant,colors
259,psp,1,1.3301552534103394,43.69708156500019,4.160359721001441,5.245241165161133,256,3,14,4,0.2601610124111175,1.0,,a photo of a blue fire hydrant,colors
261,ours,1,1.7770040035247803,41.87501430700104,3.2443939899985708,5.372836112976074,247,2,11,4,0.2699873149394989,1.0,,a photo of a purple cup,colors
261,psp,1,1.7472712993621826,43.893337609999435,4.166561558999092,5.245241165161133,256,3,14,1,0.2793172895908355,1.0,,a photo of a purple cup,colors
263,ours,1,1.2531658411026,41.80124937000073,3.2513528230010706,5.372836112976074,247,2,11,8,0.2664603888988495,1.0,,a photo of a yellow boat,colors
263,psp,1,1.2463219165802002,43.84659703000034,4.162469356002475,5.245241165161133,256,3,14,5,0.2612889111042022,1.0,,a photo of a yellow boat,colors
265,ours,1,1.2255589962005615,41.827922460999616,3.247336890999577,5.372836112976074,247,2,11,1,0.3184353709220886,1.0,,a photo of a blue elephant,colors
265,psp,1,1.2447186708450317,43.844812438999725,4.16065202900063,5.245241165161133,256,3,14,2,0.2994976639747619,1.0,,a photo of a blue elephant,colors
267,ours,1,1.6191316843032837,41.93021935800061,3.252804172998367,5.372836112976074,247,2,11,2,0.3078027367591858,1.0,,a photo of a red bicycle,colors
267,psp,1,1.6313599348068237,43.826857934000145,4.167429467999682,5.245241165161133,256,3,14,2,0.3085460364818573,1.0,,a photo of a red bicycle,colors
269,ours,1,1.86943781375885,41.88107784800013,3.2543522589985514,5.372836112976074,247,2,11,8,0.3030057549476623,1.0,,a photo of a purple hair drier,colors
269,psp,1,1.776118278503418,43.92846481499873,4.169753428999684,5.245241165161133,256,3,14,5,0.3094592690467834,1.0,,a photo of a purple hair drier,colors
271,ours,1,1.6427433490753174,41.89727917399978,3.2624030239985586,5.372836112976074,247,2,11,2,0.31962651014328,1.0,,a photo of a purple elephant,colors
271,psp,1,1.6391499042510986,43.961936896001134,4.17572661000122,5.245241165161133,256,3,14,2,0.3190745115280151,1.0,,a photo of a purple elephant,colors
273,ours,1,-0.12995021045207977,41.90436566500102,3.261287720002656,5.372836112976074,247,2,11,3,0.287156343460083,1.0,,a photo of a red zebra,colors
273,psp,1,-0.13114799559116364,43.85987059999934,4.167329709998739,5.245241165161133,256,3,14,1,0.3150154948234558,1.0,,a photo of a red zebra,colors
275,ours,1,1.7226375341415405,41.88491481600067,3.256312934001471,5.372836112976074,247,2,11,4,0.2948571145534515,1.0,,a photo of a yellow tv remote,colors
275,psp,1,1.7117705345153809,43.879896215999906,4.17336689900003,5.245241165161133,256,3,14,4,0.2953663468360901,1.0,,a photo of a yellow tv remote,colors
277,ours,1,0.5603277683258057,41.82461817500007,3.260429256999487,5.372836112976074,247,2,11,4,0.2457534223794937,1.0,,a photo of an orange orange,colors
277,psp,1,0.5508064031600952,43.924168530000316,4.158549814001162,5.245241165161133,256,3,14,4,0.2455136030912399,1.0,,a photo of an orange orange,colors
279,ours,1,1.757190465927124,41.862270105999414,3.2535208350000175,5.372836112976074,247,2,11,4,0.2750830054283142,1.0,,a photo of a red vase,colors
279,psp,1,1.7517478466033936,43.91250840700013,4.153833324999141,5.245241165161133,256,3,14,7,0.3080510199069977,1.0,,a photo of a red vase,colors
281,ours,1,1.734892725944519,41.88121484600015,3.250856565000504,5.372836112976074,247,2,11,3,0.291663110256195,1.0,,a photo of a pink skateboard,colors
281,psp,1,1.7359932661056519,43.89549924300081,4.164551144998768,5.245241165161133,256,3,14,3,0.2915764451026916,1.0,,a photo of a pink skateboard,colors
283,ours,1,1.6018949747085571,41.576328875999025,3.224658563000048,5.372836112976074,247,2,11,6,0.3133657574653625,0.0,"expected bear>=1, found 0",a photo of a purple bear,colors
283,psp,1,1.6339472532272339,43.76846186699913,4.1442800749991875,5.245241165161133,256,3,14,6,0.3185056447982788,0.0,"expected bear>=1, found 0",a photo of a purple bear,colors
285,ours,1,1.184178113937378,41.47683576199961,3.2141140699986863,5.372836112976074,247,2,11,2,0.2757332324981689,1.0,,a photo of a brown computer keyboard,colors
285,psp,1,1.3066494464874268,43.423729619998994,4.115702410001177,5.245241165161133,256,3,14,2,0.2732268869876861,1.0,,a photo of a brown computer keyboard,colors
287,ours,1,0.07060554623603821,41.83262466100132,3.260616421001032,5.372836112976074,247,2,11,6,0.2741415500640869,0.0,"expected brown skis>=1, found 0 brown; and 1 orange",a photo of a brown skis,colors
287,psp,1,0.06515718996524811,43.58339063200037,4.135949414001516,5.245241165161133,256,3,14,6,0.2739856839179992,0.0,"expected brown skis>=1, found 0 brown; and 1 orange",a photo of a brown skis,colors
289,ours,1,1.5228440761566162,41.87816152900086,3.240578816999914,5.372836112976074,247,2,11,0,0.305942952632904,1.0,,a photo of a red dog,colors
289,psp,1,1.5163310766220093,43.874606434999805,4.166206629995941,5.245241165161133,256,3,14,0,0.3061988949775696,1.0,,a photo of a red dog,colors
291,ours,1,1.1610430479049683,41.80768198400074,3.2427016450001247,5.372836112976074,247,2,11,7,0.3060988783836365,1.0,,a photo of a yellow airplane,colors
291,psp,1,1.1244269609451294,43.79715666800075,4.14179898600014,5.245241165161133,256,3,14,7,0.305635392665863,1.0,,a photo of a yellow airplane,colors
293,ours,1,1.2549020051956177,41.90097972100011,3.258929908999562,5.372836112976074,247,2,11,1,0.2396528422832489,1.0,,a photo of a white scissors,colors
293,psp,1,1.2521411180496216,43.821442451999246,4.158530159998918,5.245241165161133,256,3,14,1,0.2397555708885193,1.0,,a photo of a white scissors,colors
295,ours,1,0.8070768713951111,41.66508065099879,3.226247869999497,5.372836112976074,247,2,11,4,0.2968884110450744,1.0,,a photo of a green surfboard,colors
295,psp,1,0.793260395526886,43.855492903001505,4.161418412002604,5.245241165161133,256,3,14,4,0.2972367405891418,1.0,,a photo of a green surfboard,colors
297,ours,1,0.9879657030105591,41.47879618499974,3.2192906079999375,5.372836112976074,247,2,11,8,0.292722225189209,1.0,,a photo of a black bicycle,colors
297,psp,1,0.8542543649673462,43.50325319500007,4.1248834150010225,5.245241165161133,256,3,14,6,0.2679429948329925,1.0,,a photo of a black bicycle,colors
299,ours,1,0.8022395372390747,41.644433187000686,3.228258478002317,5.372836112976074,247,2,11,0,0.2956327497959137,1.0,,a photo of a black dining table,colors
299,psp,1,0.8894389867782593,43.52430981100042,4.1297603490002075,5.245241165161133,256,3,14,5,0.2578755617141723,1.0,,a photo of a black dining table,colors
301,ours,1,1.4554407596588135,41.626562897999975,3.2346686800010502,5.372836112976074,247,2,11,0,0.306037038564682,1.0,,a photo of a purple backpack,colors
301,psp,1,1.4578276872634888,43.61142591499993,4.1300070750003215,5.245241165161133,256,3,14,0,0.3068823218345642,1.0,,a photo of a purple backpack,colors
303,ours,1,1.947170615196228,41.82995510699948,3.2520027449991176,5.372836112976074,247,2,11,0,0.2994769811630249,1.0,,a photo of a pink potted plant,colors
303,psp,1,1.9465774297714233,43.7493129960003,4.154344361000767,5.245241165161133,256,3,14,0,0.2999491393566131,1.0,,a photo of a pink potted plant,colors
305,ours,1,0.8839603066444397,41.63987083400025,3.230375860001004,5.372836112976074,247,2,11,2,0.2820213735103607,1.0,,a photo of a brown bear,colors
305,psp,1,0.8861174583435059,43.746123556000384,4.153792669998438,5.245241165161133,256,3,14,2,0.2823432981967926,1.0,,a photo of a brown bear,colors
307,ours,1,1.7666940689086914,41.6165964289994,3.2282349960005376,5.372836112976074,247,2,11,0,0.2948065102100372,1.0,,a photo of an orange laptop,colors
307,psp,1,1.7771354913711548,43.62280899799953,4.133411300999796,5.245241165161133,256,3,14,0,0.2952434420585632,1.0,,a photo of an orange laptop,colors
309,ours,1,1.6212794780731201,41.69386880500133,3.2373209909983416,5.372836112976074,247,2,11,2,0.284856915473938,1.0,,a photo of a yellow parking meter,colors
309,psp,1,1.6195677518844604,43.633478293000735,4.149557402000937,5.245241165161133,256,3,14,2,0.2845792174339294,1.0,,a photo of a yellow parking meter,colors
311,ours,1,0.5290546417236328,41.61725385099999,3.240679119999186,5.372836112976074,247,2,11,8,0.2899170517921448,1.0,,a photo of a green traffic light,colors
311,psp,1,0.4749937951564789,43.71320048400048,4.145274666998375,5.245241165161133,256,3,14,2,0.2905247807502746,1.0,,a photo of a green traffic light,colors
313,ours,1,0.9556379318237305,41.5483598990013,3.2155404850018385,5.372836112976074,247,2,11,6,0.2918841242790222,1.0,,a photo of a brown refrigerator,colors
313,psp,1,0.9653855562210083,43.55390602599982,4.1268300539995835,5.245241165161133,256,3,14,7,0.2819405496120453,1.0,,a photo of a brown refrigerator,colors
315,ours,1,1.5120123624801636,41.73258693800017,3.241930701000456,5.372836112976074,247,2,11,4,0.3109550178050995,1.0,,a photo of a purple scissors,colors
315,psp,1,1.5107113122940063,43.59883837699999,4.126325978999375,5.245241165161133,256,3,14,4,0.3117433190345764,1.0,,a photo of a purple scissors,colors
317,ours,1,1.371734619140625,41.87903756200103,3.262074851001671,5.372836112976074,247,2,11,5,0.2840642929077148,1.0,,a photo of a brown toaster,colors
317,psp,1,1.5823999643325806,43.82614242899945,4.163525252000909,5.245241165161133,256,3,14,2,0.2880398035049438,1.0,,a photo of a brown toaster,colors
319,ours,1,-0.15136569738388062,41.90153143700081,3.2653249519989913,5.372836112976074,247,2,11,4,0.2338666021823883,0.0,"expected brown orange>=1, found 0 brown; and 1 orange",a photo of a brown orange,colors
319,psp,1,-0.1644342690706253,43.94716317699931,4.184517040002902,5.245241165161133,256,3,14,4,0.2337560057640075,0.0,"expected brown orange>=1, found 0 brown; and 1 orange",a photo of a brown orange,colors
321,ours,1,1.472338318824768,41.9135112820004,3.2566558590024215,5.372836112976074,247,2,11,8,0.3363419473171234,1.0,,a photo of a white sheep,colors
321,psp,1,1.2346433401107788,43.9955251700012,4.181848014000934,5.245241165161133,256,3,14,5,0.3288112878799438,1.0,,a photo of a white sheep,colors
323,ours,1,1.5199636220932007,41.95860292499856,3.26511288599977,5.372836112976074,247,2,11,7,0.2980186343193054,1.0,,a photo of a green vase,colors
323,psp,1,1.4205169677734375,43.94285231699905,4.1765998839982785,5.245241165161133,256,3,14,2,0.2749865055084228,1.0,,a photo of a green vase,colors
325,ours,1,-1.0374963283538818,41.96994485599862,3.2751683150017925,5.372836112976074,247,2,11,0,0.2412564754486084,0.0,"expected yellow carrot>=1, found 0 yellow; and 1 white",a photo of a yellow carrot,colors
325,psp,1,-1.0387440919876099,43.98568514100043,4.190682422999089,5.245241165161133,256,3,14,0,0.2413569390773773,0.0,"expected yellow carrot>=1, found 0 yellow; and 1 white",a photo of a yellow carrot,colors
327,ours,1,1.29840886592865,41.84397357300077,3.2613628540002537,5.372836112976074,247,2,11,3,0.2384291291236877,1.0,,a photo of a red scissors,colors
327,psp,1,1.3110778331756592,43.8980004820005,4.161976864999815,5.245241165161133,256,3,14,3,0.2382108122110366,1.0,,a photo of a red scissors,colors
329,ours,1,-0.6323967576026917,41.93965824099905,3.254516090000834,5.372836112976074,247,2,11,5,0.2615970969200134,0.0,"expected black skis>=1, found 0 black; and 1 yellow",a photo of a black skis,colors
329,psp,1,-0.6292599439620972,44.03280620800069,4.171740879999561,5.245241165161133,256,3,14,5,0.262715220451355,0.0,"expected black skis>=1, found 0 black; and 1 yellow",a photo of a black skis,colors
331,ours,1,0.521917462348938,41.74136881599952,3.235007023997241,5.372836112976074,247,2,11,5,0.307804524898529,1.0,,a photo of a black refrigerator,colors
331,psp,1,0.4962640404701233,43.80568801299887,4.164478729000621,5.245241165161133,256,3,14,5,0.3078270554542541,1.0,,a photo of a black refrigerator,colors
333,ours,1,1.5005019903182983,41.644661333999466,3.2353927089989156,5.372836112976074,247,2,11,1,0.3120328783988952,1.0,,a photo of an orange scissors,colors
333,psp,1,1.4989712238311768,43.588495035999586,4.132604058002471,5.245241165161133,256,3,14,1,0.3121335506439209,1.0,,a photo of an orange scissors,colors
335,ours,1,-1.5648401975631714,41.87456310400012,3.2442429950006044,5.372836112976074,247,2,11,7,0.2465483397245407,0.0,"expected white orange>=1, found 0 white; and 1 orange",a photo of a white orange,colors
335,psp,1,-0.6531539559364319,43.78646187599952,4.155784896000114,5.245241165161133,256,3,14,3,0.2724221348762512,0.0,"expected white orange>=1, found 0 white; and 1 orange",a photo of a white orange,colors
337,ours,1,0.25244012475013733,41.991172346000894,3.2637069369993696,5.372836112976074,247,2,11,8,0.2937018275260925,0.0,"expected carrot>=1, found 0",a photo of a blue carrot,colors
337,psp,1,-0.3474242389202118,43.95947341899955,4.176921555999797,5.245241165161133,256,3,14,0,0.2638142108917236,0.0,"expected blue carrot>=1, found 0 blue; and 1 purple",a photo of a blue carrot,colors
339,ours,1,1.0415806770324707,41.91133255400018,3.2641187370027183,5.372836112976074,247,2,11,6,0.2712871432304382,0.0,"expected pink stop sign>=1, found 0 pink; and 1 red",a photo of a pink stop sign,colors
339,psp,1,1.3894078731536865,43.97484654999971,4.18495112599885,5.245241165161133,256,3,14,5,0.2553879618644714,1.0,,a photo of a pink stop sign,colors
341,ours,1,0.17200079560279846,41.94921059999979,3.263639508999404,5.372836112976074,247,2,11,5,0.2602605819702148,1.0,,a photo of a black backpack,colors
341,psp,1,0.2037758082151413,43.940768472000855,4.175489690998802,5.245241165161133,256,3,14,5,0.2613908052444458,1.0,,a photo of a black backpack,colors
343,ours,1,1.430842638015747,41.807385056001294,3.238802099000168,5.372836112976074,247,2,11,4,0.3364142775535583,1.0,,a photo of a green computer mouse,colors
343,psp,1,1.432521104812622,43.968261523001274,4.164221547000125,5.245241165161133,256,3,14,4,0.3361260890960693,1.0,,a photo of a green computer mouse,colors
345,ours,1,1.2779854536056519,41.511099758001365,3.2196074059993407,5.372836112976074,247,2,11,4,0.3125148415565491,1.0,,a photo of a green bus,colors
345,psp,1,1.2772294282913208,43.583116238,4.123265553000238,5.245241165161133,256,3,14,4,0.3122899234294891,1.0,,a photo of a green bus,colors
347,ours,1,1.2470420598983765,41.591220185000566,3.232749175000208,5.372836112976074,247,2,11,2,0.2793765068054199,1.0,,a photo of a yellow fork,colors
347,psp,1,1.2659105062484741,43.46792148699933,4.1251901910018205,5.245241165161133,256,3,14,2,0.2794130444526672,1.0,,a photo of a yellow fork,colors
349,ours,1,1.6082394123077393,41.8862676509998,3.2543816299985338,5.372836112976074,247,2,11,5,0.2586331367492676,0.0,"expected book>=1, found 0",a photo of a blue book,colors
349,psp,1,1.8065946102142334,43.84453952900003,4.164206176001244,5.245241165161133,256,3,14,3,0.2533551156520843,1.0,,a photo of a blue book,colors
351,ours,1,1.53363037109375,41.89654500300094,3.2478831369971886,5.372836112976074,247,2,11,0,0.3049484491348266,1.0,,a photo of an orange computer mouse,colors
351,psp,1,1.5679198503494263,43.9066893349991,4.155973974999142,5.245241165161133,256,3,14,3,0.3023518919944763,1.0,,a photo of an orange computer mouse,colors
353,ours,1,-0.47470715641975403,41.86356598400016,3.2527092459986306,5.372836112976074,247,2,11,1,0.2213760912418365,0.0,"expected dog>=1, found 0",a photo of a dog right of a teddy bear,position
353,psp,1,-0.42180487513542175,43.891954971000814,4.1682892850003554,5.245241165161133,256,3,14,1,0.2216130644083023,0.0,"expected dog>=1, found 0",a photo of a dog right of a teddy bear,position
355,ours,1,1.027479887008667,41.805606771000384,3.2437189829997806,5.372836112976074,247,2,11,3,0.2440917938947677,0.0,"expected couch below target, found right of target",a photo of a couch below a cup,position
355,psp,1,0.969414472579956,43.89567126199836,4.1634506750015134,5.245241165161133,256,3,14,3,0.2449028044939041,0.0,"expected couch below target, found right of target",a photo of a couch below a cup,position
357,ours,1,0.06507724523544312,41.899342705999516,3.259083410999665,5.372836112976074,247,2,11,4,0.2026583850383758,0.0,"expected hair drier>=1, found 0
no target for fork to be above",a photo of a fork above a hair drier,position
357,psp,1,0.04200807586312294,43.86107115499908,4.166208014998119,5.245241165161133,256,3,14,4,0.2021436989307403,0.0,"expected hair drier>=1, found 0
no target for fork to be above",a photo of a fork above a hair drier,position
359,ours,1,-1.7711840867996216,41.87165825699776,3.2502299979969393,5.372836112976074,247,2,11,2,0.2241923809051513,0.0,"expected fork>=1, found 0
no target for stop sign to be above",a photo of a stop sign above a fork,position
359,psp,1,-1.5796180963516235,43.87055607399816,4.162016231995949,5.245241165161133,256,3,14,0,0.2627917528152466,0.0,"expected fork>=1, found 0
no target for stop sign to be above",a photo of a stop sign above a fork,position
361,ours,1,1.7936049699783325,41.79776819300241,3.243268360001821,5.372836112976074,247,2,11,0,0.2951737642288208,0.0,"expected apple above target, found  target",a photo of an apple above a tv,position
361,psp,1,1.7984391450881958,43.83371501500005,4.160571422002249,5.245241165161133,256,3,14,0,0.2948992848396301,0.0,"expected apple above target, found  target",a photo of an apple above a tv,position
363,ours,1,-0.259989857673645,41.831467828000314,3.25545086800048,5.372836112976074,247,2,11,4,0.2302214503288269,0.0,"expected refrigerator>=1, found 0
no target for truck to be left of",a photo of a truck left of a refrigerator,position
363,psp,1,-0.16954055428504944,43.83174208700075,4.1682180339994375,5.245241165161133,256,3,14,0,0.2539016306400299,0.0,"expected refrigerator>=1, found 0
no target for truck to be left of",a photo of a truck left of a refrigerator,position
365,ours,1,1.7202728986740112,41.86256189499909,3.246419301995047,5.372836112976074,247,2,11,3,0.2585460543632507,0.0,"expected bottle right of target, found  target",a photo of a bottle right of a train,position
365,psp,1,1.7551084756851196,43.82488962500065,4.168258171997877,5.245241165161133,256,3,14,3,0.2630798816680908,0.0,"expected bottle right of target, found  target",a photo of a bottle right of a train,position
367,ours,1,0.5465553998947144,41.813635184000304,3.2452105969969125,5.372836112976074,247,2,11,8,0.2543124258518219,0.0,"expected skateboard above target, found below target",a photo of a skateboard above a person,position
367,psp,1,-0.1765139400959015,43.76791906500148,4.158621353999479,5.245241165161133,256,3,14,6,0.2635751664638519,0.0,"expected skateboard above target, found  target",a photo of a skateboard above a person,position
369,ours,1,1.1270344257354736,41.82112517399946,3.2541074200016737,5.372836112976074,247,2,11,0,0.271060585975647,1.0,,a photo of a dining table right of an oven,position
369,psp,1,1.3262792825698853,43.83029724599692,4.160247168001661,5.245241165161133,256,3,14,7,0.2901051044464111,0.0,"expected dining table right of target, found below target",a photo of a dining table right of an oven,position
371,ours,1,-1.5013580322265625,41.89443602499887,3.2639080550034123,5.372836112976074,247,2,11,2,0.2604135870933532,0.0,"expected toothbrush>=1, found 0
no target for bus to be below",a photo of a bus below a toothbrush,position
371,psp,1,-1.224178433418274,43.85728445899804,4.1436259639958735,5.245241165161133,256,3,14,1,0.2681753039360046,0.0,"expected toothbrush>=1, found 0
no target for bus to be below",a photo of a bus below a toothbrush,position
373,ours,1,0.9462701082229614,41.83799273600016,3.2388429579987132,5.372836112976074,247,2,11,1,0.2838631868362427,0.0,"expected baseball bat>=1, found 0
no target for cake to be below",a photo of a cake below a baseball bat,position
373,psp,1,0.8793529272079468,44.05990179699802,4.193159416001436,5.245241165161133,256,3,14,1,0.2828278839588165,0.0,"expected baseball bat>=1, found 0
no target for cake to be below",a photo of a cake below a baseball bat,position
375,ours,1,1.7540090084075928,41.61463217500204,3.2355533789996116,5.372836112976074,247,2,11,5,0.31033456325531,0.0,"expected suitcase right of target, found below target",a photo of a suitcase right of a boat,position
375,psp,1,1.7455123662948608,43.64831905699975,4.145920811999531,5.245241165161133,256,3,14,5,0.3105288743972778,0.0,"expected suitcase right of target, found below target",a photo of a suitcase right of a boat,position
377,ours,1,1.0918232202529907,41.52507995799897,3.2195220200010226,5.372836112976074,247,2,11,8,0.2838251292705536,0.0,"expected tv remote left of target, found below target",a photo of a tv remote left of an umbrella,position
377,psp,1,-1.5952441692352295,43.54792038300002,4.128492425999866,5.245241165161133,256,3,14,5,0.1953868269920349,0.0,"expected umbrella>=1, found 0
no target for tv remote to be left of",a photo of a tv remote left of an umbrella,position
379,ours,1,1.5670844316482544,41.67524357699949,3.246076138999342,5.372836112976074,247,2,11,4,0.2911708354949951,1.0,,a photo of a train right of a dining table,position
379,psp,1,1.5608199834823608,43.53206268299982,4.127620145998662,5.245241165161133,256,3,14,4,0.2895841598510742,1.0,,a photo of a train right of a dining table,position
381,ours,1,-0.9713997840881348,41.644440293002845,3.2379598279985657,5.372836112976074,247,2,11,4,0.2236647605895996,0.0,"expected spoon>=1, found 0
no target for tennis racket to be right of",a photo of a tennis racket right of a spoon,position
381,psp,1,-0.6509122252464294,43.61725333100185,4.115412699000444,5.245241165161133,256,3,14,6,0.2452943623065948,0.0,"expected spoon>=1, found 0
no target for tennis racket to be right of",a photo of a tennis racket right of a spoon,position
383,ours,1,0.20138902962207794,41.89200568100205,3.2560082280033384,5.372836112976074,247,2,11,2,0.2671817541122436,0.0,"expected bench>=1, found 0
no target for computer mouse to be left of",a photo of a computer mouse left of a bench,position
383,psp,1,0.8303667306900024,43.79708380199736,4.162143925001146,5.245241165161133,256,3,14,1,0.2797294855117798,0.0,"expected computer mouse left of target, found  target",a photo of a computer mouse left of a bench,position
385,ours,1,-0.6958400011062622,41.74658049199934,3.2405171930004144,5.372836112976074,247,2,11,0,0.2136683464050293,1.0,,a photo of a kite above a toothbrush,position
385,psp,1,-0.7379311919212341,43.843883171000925,4.15826336399914,5.245241165161133,256,3,14,0,0.2110414505004882,1.0,,a photo of a kite above a toothbrush,position
387,ours,1,1.7995282411575317,41.7038191779975,3.2309607389979647,5.372836112976074,247,2,11,0,0.316561609506607,0.0,"expected cat below target, found left of target",a photo of a cat below a baseball glove,position
387,psp,1,1.8036614656448364,43.76692974099933,4.153307082000538,5.245241165161133,256,3,14,0,0.3172161281108856,0.0,"expected cat below target, found left of target",a photo of a cat below a baseball glove,position
389,ours,1,1.0815165042877197,41.63018999999986,3.2349458249991585,5.372836112976074,247,2,11,8,0.2935640215873718,0.0,"expected stop sign>=1, found 0",a photo of a stop sign above a chair,position
389,psp,1,0.659028947353363,43.65138053699775,4.135274023996317,5.245241165161133,256,3,14,4,0.2813047766685486,0.0,"expected stop sign>=1, found 0",a photo of a stop sign above a chair,position
391,ours,1,0.655566394329071,41.67829297799835,3.2490690349986835,5.372836112976074,247,2,11,2,0.2939918637275696,0.0,"expected hot dog right of target, found  target",a photo of a hot dog right of a skateboard,position
391,psp,1,0.6780418157577515,43.7029440389997,4.161779162004677,5.245241165161133,256,3,14,2,0.2946320474147796,0.0,"expected hot dog right of target, found  target",a photo of a hot dog right of a skateboard,position
393,ours,1,0.7505239844322205,41.85497309799757,3.2494793480000226,5.372836112976074,247,2,11,2,0.1937975585460662,0.0,"expected hair drier left of target, found above target",a photo of a hair drier left of a toilet,position
393,psp,1,0.7023467421531677,43.749048161000246,4.1485769969949615,5.245241165161133,256,3,14,2,0.1932215541601181,0.0,"expected hair drier left of target, found above target",a photo of a hair drier left of a toilet,position
395,ours,1,1.5486433506011963,41.86796210900138,3.2557715169969015,5.372836112976074,247,2,11,7,0.2577383816242218,0.0,"expected skis>=1, found 0
no target for suitcase to be above",a photo of a suitcase above a skis,position
395,psp,1,1.5576876401901245,43.97439258099985,4.180828382999607,5.245241165161133,256,3,14,7,0.2588396668434143,0.0,"expected skis>=1, found 0
no target for suitcase to be above",a photo of a suitcase above a skis,position
397,ours,1,1.7181471586227417,41.8610976639975,3.248552193002979,5.372836112976074,247,2,11,1,0.3071065545082092,0.0,"expected toothbrush>=1, found 0",a photo of a toothbrush below a pizza,position
397,psp,1,1.7182387113571167,43.80826071100091,4.1647991630015895,5.245241165161133,256,3,14,1,0.3058945536613464,0.0,"expected toothbrush>=1, found 0",a photo of a toothbrush below a pizza,position
399,ours,1,0.8955698609352112,41.762750600999425,3.2388671310000063,5.372836112976074,247,2,11,6,0.2755226492881775,0.0,"expected tie above target, found left of target",a photo of a tie above a sink,position
399,psp,1,0.8807767033576965,43.981077395998,4.166493461001664,5.245241165161133,256,3,14,6,0.2753418684005737,0.0,"expected tie above target, found left of target",a photo of a tie above a sink,position
401,ours,1,1.5737327337265015,41.495063174999814,3.2171207220017095,5.372836112976074,247,2,11,5,0.2756403386592865,0.0,"expected bed>=1, found 0",a photo of a bed right of a sports ball,position
401,psp,1,1.5735595226287842,43.565390148000006,4.1110785769997165,5.245241165161133,256,3,14,5,0.2753927409648895,0.0,"expected bed>=1, found 0",a photo of a bed right of a sports ball,position
403,ours,1,1.1225188970565796,41.78828526000143,3.2409512609992817,5.372836112976074,247,2,11,5,0.2787905931472778,0.0,"expected frisbee right of target, found above target",a photo of a frisbee right of a motorcycle,position
403,psp,1,1.2193025350570679,43.527823066000565,4.1357029230021,5.245241165161133,256,3,14,6,0.2750784754753113,0.0,"expected frisbee right of target, found left of target",a photo of a frisbee right of a motorcycle,position
405,ours,1,0.14779077470302582,41.964630082999065,3.273442466997949,5.372836112976074,247,2,11,4,0.2697249054908752,1.0,,a photo of a zebra left of an elephant,position
405,psp,1,0.06483231484889984,43.91002697699878,4.178233457001625,5.245241165161133,256,3,14,4,0.2728106379508972,1.0,,a photo of a zebra left of an elephant,position
407,ours,1,-1.6582072973251343,41.992016593998414,3.2713522160011053,5.372836112976074,247,2,11,8,0.2346410751342773,0.0,"expected donut>=1, found 0",a photo of a donut right of a bench,position
407,psp,1,-1.9749436378479004,43.99432129500201,4.177281224998296,5.245241165161133,256,3,14,7,0.2254878878593444,0.0,"expected donut>=1, found 0",a photo of a donut right of a bench,position
409,ours,1,0.4701891243457794,41.77283330899809,3.2426020159946347,5.372836112976074,247,2,11,2,0.2559102475643158,0.0,"expected computer keyboard above target, found below target",a photo of a computer keyboard above a snowboard,position
409,psp,1,0.6517897844314575,43.80492866599889,4.143304007997358,5.245241165161133,256,3,14,7,0.2366573959589004,0.0,"expected computer keyboard above target, found below target",a photo of a computer keyboard above a snowboard,position
411,ours,1,-1.0499682426452637,41.83436463600083,3.2612223379983334,5.372836112976074,247,2,11,0,0.2243707329034805,0.0,"expected horse>=1, found 0
no target for elephant to be below",a photo of an elephant below a horse,position
411,psp,1,-0.7047421932220459,43.82352794200051,4.178082384001755,5.245241165161133,256,3,14,5,0.2682905197143554,0.0,"expected horse>=1, found 0
no target for elephant to be below",a photo of an elephant below a horse,position
413,ours,1,-1.1694172620773315,41.902995366999676,3.2559965970031044,5.372836112976074,247,2,11,1,0.2168477028608322,0.0,"expected airplane>=1, found 0
no target for train to be below",a photo of a train below an airplane,position
413,psp,1,-1.0181148052215576,43.96703903100206,4.189457873999345,5.245241165161133,256,3,14,7,0.2323819100856781,0.0,"expected airplane>=1, found 0
no target for train to be below",a photo of a train below an airplane,position
415,ours,1,0.9806931018829346,41.7930719429969,3.250247236999712,5.372836112976074,247,2,11,8,0.2789815068244934,0.0,"expected backpack>=1, found 0",a photo of a backpack below a cake,position
415,psp,1,1.8702961206436157,43.82393363799929,4.17284063900297,5.245241165161133,256,3,14,5,0.3005188107490539,0.0,"expected backpack below target, found left of target",a photo of a backpack below a cake,position
417,ours,1,0.6123016476631165,41.795702347997576,3.2464819960041496,5.372836112976074,247,2,11,5,0.2680323719978332,0.0,"expected parking meter>=1, found 0
no target for bicycle to be above",a photo of a bicycle above a parking meter,position
417,psp,1,0.5562424659729004,43.87097357700259,4.182525356998667,5.245241165161133,256,3,14,5,0.2703986167907715,0.0,"expected parking meter>=1, found 0
no target for bicycle to be above",a photo of a bicycle above a parking meter,position
419,ours,1,0.8898748159408569,41.68964310999945,3.2390747329991427,5.372836112976074,247,2,11,4,0.2988190948963165,0.0,"expected hot dog above target, found  target",a photo of a hot dog above a knife,position
419,psp,1,1.0205355882644653,43.79388583900072,4.158233443999052,5.245241165161133,256,3,14,2,0.3034822344779968,0.0,"expected hot dog above target, found right of target",a photo of a hot dog above a knife,position
421,ours,1,0.9126207232475281,41.685222090000025,3.232153307999397,5.372836112976074,247,2,11,0,0.2717154324054718,0.0,"expected chair>=1, found 0",a photo of a chair left of a zebra,position
421,psp,1,0.8565376400947571,43.67283441700056,4.137580963000801,5.245241165161133,256,3,14,0,0.2718398869037628,0.0,"expected chair>=1, found 0",a photo of a chair left of a zebra,position
423,ours,1,-1.8594459295272827,41.69870305299992,3.2314237339996907,5.372836112976074,247,2,11,7,0.2435232549905777,0.0,"expected cup>=1, found 0",a photo of a cup left of an umbrella,position
423,psp,1,-1.8800950050354004,43.65830258200003,4.137964817000466,5.245241165161133,256,3,14,7,0.2434261888265609,0.0,"expected cup>=1, found 0",a photo of a cup left of an umbrella,position
425,ours,1,-1.6160191297531128,41.67875088300207,3.2438374369994563,5.372836112976074,247,2,11,4,0.2784326672554016,0.0,"expected broccoli>=1, found 0
no target for zebra to be below",a photo of a zebra below a broccoli,position
425,psp,1,-1.6255501508712769,43.699538289001794,4.143012318996625,5.245241165161133,256,3,14,4,0.278070867061615,0.0,"expected broccoli>=1, found 0
no target for zebra to be below",a photo of a zebra below a broccoli,position
427,ours,1,1.4455368518829346,41.66530521000095,3.2382716739994066,5.372836112976074,247,2,11,5,0.250065803527832,0.0,"expected truck left of target, found above target",a photo of a truck left of a baseball bat,position
427,psp,1,1.3583163022994995,43.68299169700185,4.1494842850006535,5.245241165161133,256,3,14,5,0.2472233772277832,0.0,"expected truck left of target, found above target",a photo of a truck left of a baseball bat,position
429,ours,1,1.680198073387146,41.56090820300233,3.2177766830027394,5.372836112976074,247,2,11,7,0.2692837715148926,0.0,"expected tv above target, found  target",a photo of a tv above a baseball bat,position
429,psp,1,1.6913962364196777,43.64925118300016,4.1252753590015345,5.245241165161133,256,3,14,7,0.2693475186824798,0.0,"expected tv above target, found  target",a photo of a tv above a baseball bat,position
431,ours,1,-1.0456093549728394,41.660902513998735,3.229389391002769,5.372836112976074,247,2,11,2,0.2609545588493347,0.0,"expected scissors>=1, found 0
no target for refrigerator to be below",a photo of a refrigerator below a scissors,position
431,psp,1,-1.0626705884933472,43.57002142999772,4.130912171000091,5.245241165161133,256,3,14,2,0.2606689929962158,0.0,"expected scissors>=1, found 0
no target for refrigerator to be below",a photo of a refrigerator below a scissors,position
433,ours,1,0.13989101350307465,41.7208938090007,3.2358065039989015,5.372836112976074,247,2,11,1,0.2889661192893982,0.0,"expected parking meter above target, found left of target",a photo of a parking meter above a broccoli,position
433,psp,1,1.4446195363998413,43.716881988999376,4.145421235996764,5.245241165161133,256,3,14,4,0.3499723672866821,0.0,"expected parking meter above target, found right of target",a photo of a parking meter above a broccoli,position
435,ours,1,-0.28553763031959534,41.68218341400279,3.243400699004269,5.372836112976074,247,2,11,7,0.2990176081657409,0.0,"expected pizza right of target, found  target",a photo of a pizza right of a banana,position
435,psp,1,-0.30829131603240967,43.74778992500069,4.153300112004217,5.245241165161133,256,3,14,7,0.2990846633911133,0.0,"expected pizza right of target, found  target",a photo of a pizza right of a banana,position
437,ours,1,-0.5375626087188721,41.54105328700098,3.2080421740029124,5.372836112976074,247,2,11,2,0.22488534450531,0.0,"expected cell phone>=1, found 0",a photo of a cell phone left of a tennis racket,position
437,psp,1,-0.44676488637924194,43.57095340399974,4.107488141999056,5.245241165161133,256,3,14,6,0.2239698469638824,0.0,"expected cell phone>=1, found 0",a photo of a cell phone left of a tennis racket,position
439,ours,1,1.5115102529525757,41.513000819999434,3.223481532000733,5.372836112976074,247,2,11,0,0.2985482215881347,1.0,,a photo of a broccoli above a bottle,position
439,psp,1,1.4967578649520874,43.5228778089986,4.124338408000767,5.245241165161133,256,3,14,0,0.2990131378173828,1.0,,a photo of a broccoli above a bottle,position
441,ours,1,1.3461081981658936,41.61479328399946,3.2426772420003545,5.372836112976074,247,2,11,7,0.3013102412223816,0.0,"expected bear>=1, found 0",a photo of a bear above a spoon,position
441,psp,1,1.3429254293441772,43.47477433300082,4.118528919003438,5.245241165161133,256,3,14,7,0.3014378249645233,0.0,"expected bear>=1, found 0",a photo of a bear above a spoon,position
443,ours,1,1.955012321472168,41.692704891000176,3.2408075899984397,5.372836112976074,247,2,11,3,0.3260278403759002,0.0,"expected cow right of target, found  target",a photo of a cow right of a laptop,position
443,psp,1,1.9531275033950806,43.650007319,4.138475362000463,5.245241165161133,256,3,14,3,0.3266761004924774,0.0,"expected cow right of target, found  target",a photo of a cow right of a laptop,position
445,ours,1,0.4683878719806671,41.72173795300114,3.2466176240013738,5.372836112976074,247,2,11,0,0.2617484629154205,0.0,"expected motorcycle>=1, found 0
no target for tie to be right of",a photo of a tie right of a motorcycle,position
445,psp,1,0.4740137755870819,43.71044834900022,4.133550112004741,5.245241165161133,256,3,14,0,0.262913703918457,0.0,"expected motorcycle>=1, found 0
no target for tie to be right of",a photo of a tie right of a motorcycle,position
447,ours,1,0.9387454390525818,41.75073019900083,3.238098510999407,5.372836112976074,247,2,11,5,0.3047946393489837,0.0,"expected cell phone right of target, found  target",a photo of a cell phone right of a chair,position
447,psp,1,0.930142343044281,43.74019010900156,4.149898692998249,5.245241165161133,256,3,14,5,0.305049180984497,0.0,"expected cell phone right of target, found  target",a photo of a cell phone right of a chair,position
449,ours,1,0.8978827595710754,41.74423251000189,3.2419580620007764,5.372836112976074,247,2,11,0,0.2458508163690567,0.0,"expected clock below target, found left of target",a photo of a clock below a tv,position
449,psp,1,0.8891847133636475,43.790644325003086,4.15160577899951,5.245241165161133,256,3,14,0,0.2474415153264999,0.0,"expected clock below target, found left of target",a photo of a clock below a tv,position
451,ours,1,1.8831565380096436,41.67511188299977,3.2272997530017165,5.372836112976074,247,2,11,0,0.3378700017929077,1.0,,a photo of a donut below a cat,position
451,psp,1,1.8814090490341187,43.80499047600097,4.155673573004606,5.245241165161133,256,3,14,0,0.3375141024589538,1.0,,a photo of a donut below a cat,position
453,ours,1,1.6721572875976562,41.533736588000465,3.22447310699863,5.372836112976074,247,2,11,4,0.2892337441444397,0.0,"expected black apple>=1, found 0 black; and 1 purple",a photo of a purple wine glass and a black apple,color_attr
453,psp,1,1.6774283647537231,43.54738224399989,4.12869387399769,5.245241165161133,256,3,14,4,0.2887141406536102,0.0,"expected black apple>=1, found 0 black; and 1 purple",a photo of a purple wine glass and a black apple,color_attr
455,ours,1,-0.4769434630870819,41.682511516002705,3.24146751799708,5.372836112976074,247,2,11,4,0.2777855992317199,0.0,"expected brown airplane>=1, found 0 brown; and 1 white",a photo of a green skis and a brown airplane,color_attr
455,psp,1,-0.4625728726387024,43.604495683001005,4.131953452000744,5.245241165161133,256,3,14,4,0.2756398320198059,0.0,"expected brown airplane>=1, found 0 brown; and 1 white",a photo of a green skis and a brown airplane,color_attr
457,ours,1,0.9454587697982788,41.634257928002626,3.2401243200001772,5.372836112976074,247,2,11,0,0.2932689487934112,0.0,"expected pink oven>=1, found 0 pink; and 1 black
expected green motorcycle>=1, found 0 green; and 1 pink",a photo of a pink oven and a green motorcycle,color_attr
457,psp,1,0.5246189832687378,43.68783951899968,4.1305271230012295,5.245241165161133,256,3,14,6,0.2339525520801544,0.0,"expected motorcycle>=1, found 0",a photo of a pink oven and a green motorcycle,color_attr
459,ours,1,-0.3482750952243805,41.71746636699754,3.2421343109999725,5.372836112976074,247,2,11,0,0.2085659205913543,0.0,"expected yellow skateboard>=1, found 0 yellow; and 1 orange
expected computer mouse>=1, found 0",a photo of a yellow skateboard and an orange computer mouse,color_attr
459,psp,1,-0.5452975630760193,43.58676803200069,4.137230770000315,5.245241165161133,256,3,14,0,0.2097116410732269,0.0,"expected computer mouse>=1, found 0",a photo of a yellow skateboard and an orange computer mouse,color_attr
461,ours,1,1.8681584596633911,41.71466155700182,3.2475892819966248,5.372836112976074,247,2,11,1,0.3118029832839966,0.0,"expected black train>=1, found 0 black; and 1 pink",a photo of a pink skateboard and a black train,color_attr
461,psp,1,1.86061692237854,43.738027411000076,4.154412518000754,5.245241165161133,256,3,14,1,0.3110916912555694,0.0,"expected black train>=1, found 0 black; and 1 pink",a photo of a pink skateboard and a black train,color_attr
463,ours,1,1.957220196723938,41.78850701000192,3.2482960439992894,5.372836112976074,247,2,11,4,0.3006899356842041,1.0,,a photo of a purple elephant and a brown sports ball,color_attr
463,psp,1,1.9573173522949219,43.80469568300032,4.146826053998666,5.245241165161133,256,3,14,4,0.3013001084327698,1.0,,a photo of a purple elephant and a brown sports ball,color_attr
465,ours,1,-2.0861804485321045,41.852300601000024,3.2561504560035246,5.372836112976074,247,2,11,6,0.2497632205486297,0.0,"expected dining table>=1, found 0",a photo of a white dining table and a red car,color_attr
465,psp,1,-2.0792734622955322,43.82032581599924,4.1647023069999705,5.245241165161133,256,3,14,6,0.2488272190093994,0.0,"expected dining table>=1, found 0",a photo of a white dining table and a red car,color_attr
467,ours,1,0.7035038471221924,41.75270484599969,3.238602189998346,5.372836112976074,247,2,11,4,0.2936111092567444,1.0,,a photo of a red car and an orange potted plant,color_attr
467,psp,1,0.5748960971832275,43.799153992000356,4.1571915409949725,5.245241165161133,256,3,14,4,0.2919719219207763,0.0,"expected orange potted plant>=1, found 0 orange; and 1 green",a photo of a red car and an orange potted plant,color_attr
469,ours,1,0.5069906115531921,41.88469777299906,3.2508241739997175,5.372836112976074,247,2,11,2,0.3226968646049499,0.0,"expected kite>=1, found 0
expected green bear>=1, found 0 green; and 1 brown",a photo of a black kite and a green bear,color_attr
469,psp,1,0.49506765604019165,43.91540529199847,4.1679974639992,5.245241165161133,256,3,14,2,0.322382390499115,0.0,"expected kite>=1, found 0
expected green bear>=1, found 0 green; and 1 brown",a photo of a black kite and a green bear,color_attr
471,ours,1,0.5742748379707336,41.77949395200267,3.242656138998427,5.372836112976074,247,2,11,7,0.273612380027771,0.0,"expected green teddy bear>=1, found 0 green; and 1 brown
expected kite>=1, found 0",a photo of a green teddy bear and a brown kite,color_attr
471,psp,1,0.5241320133209229,43.789836097999796,4.158963603000302,5.245241165161133,256,3,14,7,0.2730861008167267,0.0,"expected green teddy bear>=1, found 0 green; and 1 brown
expected kite>=1, found 0",a photo of a green teddy bear and a brown kite,color_attr
473,ours,1,0.3384579122066498,41.8679022489996,3.261224752997805,5.372836112976074,247,2,11,7,0.3050362467765808,0.0,"expected green cat>=1, found 0 green; and 1 orange",a photo of an orange snowboard and a green cat,color_attr
473,psp,1,0.3088586628437042,43.84612680600185,4.160222206999606,5.245241165161133,256,3,14,7,0.3064832091331482,0.0,"expected green cat>=1, found 0 green; and 1 orange",a photo of an orange snowboard and a green cat,color_attr
475,ours,1,-1.5569031238555908,41.76950958599991,3.241707310997299,5.372836112976074,247,2,11,6,0.2798767685890198,0.0,"expected brown hot dog>=1, found 0 brown; and 1 purple
expected pizza>=1, found 0",a photo of a brown hot dog and a purple pizza,color_attr
475,psp,1,-1.4216488599777222,43.796560407998186,4.162287833998562,5.245241165161133,256,3,14,2,0.2679209113121032,0.0,"expected brown hot dog>=1, found 0 brown; and 1 purple
expected pizza>=1, found 0",a photo of a brown hot dog and a purple pizza,color_attr
477,ours,1,0.1253373771905899,41.78631262699855,3.2438465669984,5.372836112976074,247,2,11,3,0.234420970082283,0.0,"expected bed>=1, found 0
expected pink cell phone>=1, found 0 pink; and 1 brown",a photo of a brown bed and a pink cell phone,color_attr
477,psp,1,0.571812093257904,43.7981939780002,4.163130541004648,5.245241165161133,256,3,14,1,0.254902184009552,0.0,"expected brown bed>=1, found 0 brown; and 1 pink
expected pink cell phone>=1, found 0 pink; and 1 red",a photo of a brown bed and a pink cell phone,color_attr
479,ours,1,1.0487356185913086,41.81973469800141,3.2502820119989337,5.372836112976074,247,2,11,7,0.26380056142807,0.0,"expected bear>=1, found 0",a photo of a red train and a purple bear,color_attr
479,psp,1,1.0510982275009155,43.80638679799813,4.163821482001367,5.245241165161133,256,3,14,7,0.2634074091911316,0.0,"expected bear>=1, found 0",a photo of a red train and a purple bear,color_attr
481,ours,1,0.7476884126663208,41.873876101999485,3.2540082470004563,5.372836112976074,247,2,11,6,0.2954205274581909,0.0,"expected black banana>=1, found 0 black; and 1 yellow",a photo of a blue vase and a black banana,color_attr
481,psp,1,0.7541348934173584,43.84620851799991,4.155531403997884,5.245241165161133,256,3,14,6,0.2952262163162231,0.0,"expected black banana>=1, found 0 black; and 1 yellow",a photo of a blue vase and a black banana,color_attr
483,ours,1,1.8581931591033936,41.773751824999636,3.2482078159991943,5.372836112976074,247,2,11,6,0.3030015528202057,1.0,,a photo of a red umbrella and a blue couch,color_attr
483,psp,1,1.8525574207305908,43.80018243499944,4.1498150160005025,5.245241165161133,256,3,14,6,0.3039928674697876,0.0,"expected blue couch>=1, found 0 blue; and 1 red",a photo of a red umbrella and a blue couch,color_attr
485,ours,1,0.9210994839668274,41.974707944998954,3.2574390919980942,5.372836112976074,247,2,11,0,0.2740455567836761,0.0,"expected airplane>=1, found 0",a photo of a pink tv remote and a blue airplane,color_attr
485,psp,1,0.9008774757385254,43.90387893099978,4.167337304996181,5.245241165161133,256,3,14,0,0.2730104327201843,0.0,"expected airplane>=1, found 0",a photo of a pink tv remote and a blue airplane,color_attr
487,ours,1,1.5251381397247314,41.69233963300212,3.225263193999126,5.372836112976074,247,2,11,7,0.280575692653656,0.0,"expected brown car>=1, found 0 brown; and 1 pink",a photo of a brown car and a pink hair drier,color_attr
487,psp,1,1.5125313997268677,43.88408096200146,4.167947906000336,5.245241165161133,256,3,14,7,0.2819508910179138,0.0,"expected brown car>=1, found 0 brown; and 1 pink",a photo of a brown car and a pink hair drier,color_attr
489,ours,1,-0.37992018461227417,41.57085594399905,3.2232939030036505,5.372836112976074,247,2,11,7,0.2626169323921203,0.0,"expected banana>=1, found 0",a photo of a purple sheep and a pink banana,color_attr
489,psp,1,-0.3240731954574585,43.584304926000186,4.128888912997354,5.245241165161133,256,3,14,7,0.2632392644882202,0.0,"expected banana>=1, found 0",a photo of a purple sheep and a pink banana,color_attr
491,ours,1,1.547269582748413,41.61361849100285,3.228844924000441,5.372836112976074,247,2,11,1,0.3067862689495086,0.0,"expected white pizza>=1, found 0 white; and 1 green",a photo of a white pizza and a green umbrella,color_attr
491,psp,1,1.5945316553115845,43.47984723099944,4.124205177999102,5.245241165161133,256,3,14,1,0.3062784373760223,0.0,"expected white pizza>=1, found 0 white; and 1 green",a photo of a white pizza and a green umbrella,color_attr
493,ours,1,1.8369344472885132,42.00291548500172,3.269243614999141,5.372836112976074,247,2,11,2,0.2640737295150757,0.0,"expected boat>=1, found 0",a photo of a yellow sports ball and a green boat,color_attr
493,psp,1,1.8358346223831177,43.81815838500188,4.177222719998099,5.245241165161133,256,3,14,2,0.2647492587566376,0.0,"expected boat>=1, found 0",a photo of a yellow sports ball and a green boat,color_attr
495,ours,1,1.800947666168213,41.61174910699992,3.2223080069998105,5.372836112976074,247,2,11,2,0.2789173722267151,0.0,"expected yellow bowl>=1, found 0 yellow; and 1 brown
expected baseball glove>=1, found 0",a photo of a yellow bowl and a white baseball glove,color_attr
495,psp,1,1.808255672454834,43.840159899002174,4.159648570002901,5.245241165161133,256,3,14,2,0.279131680727005,0.0,"expected yellow bowl>=1, found 0 yellow; and 1 brown
expected baseball glove>=1, found 0",a photo of a yellow bowl and a white baseball glove,color_attr
497,ours,1,1.6640293598175049,41.522703742000886,3.221999877001508,5.372836112976074,247,2,11,3,0.2593293488025665,0.0,"expected skateboard>=1, found 0
expected pink bowl>=1, found 0 pink; and 1 red",a photo of an orange skateboard and a pink bowl,color_attr
497,psp,1,1.9405953884124756,43.51500280599794,4.121818038998754,5.245241165161133,256,3,14,5,0.2360935658216476,0.0,"expected skateboard>=1, found 0",a photo of an orange skateboard and a pink bowl,color_attr
499,ours,1,0.9540838599205017,41.475078396000754,3.2196153290024085,5.372836112976074,247,2,11,1,0.3257037699222564,0.0,"expected white boat>=1, found 0 white; and 1 orange
expected orange hot dog>=1, found 0 orange; and 1 brown",a photo of a white boat and an orange hot dog,color_attr
499,psp,1,0.9739344120025635,43.4578956080004,4.110929652000777,5.245241165161133,256,3,14,1,0.3244585394859314,0.0,"expected white boat>=1, found 0 white; and 1 orange
expected orange hot dog>=1, found 0 orange; and 1 brown",a photo of a white boat and an orange hot dog,color_attr
501,ours,1,-0.41837775707244873,41.5328856490014,3.223778730003687,5.372836112976074,247,2,11,6,0.2832497954368591,0.0,"expected purple chair>=1, found 0 purple; and 1 red",a photo of a red cake and a purple chair,color_attr
501,psp,1,-0.46941059827804565,43.50074397700155,4.111704024999199,5.245241165161133,256,3,14,6,0.2844448685646057,0.0,"expected purple chair>=1, found 0 purple; and 1 red",a photo of a red cake and a purple chair,color_attr
503,ours,1,1.9556399583816528,41.5596997390021,3.2205402750005305,5.372836112976074,247,2,11,0,0.3344026803970337,0.0,"expected black computer keyboard>=1, found 0 black; and 1 brown",a photo of a blue cow and a black computer keyboard,color_attr
503,psp,1,1.954717755317688,43.55673812799796,4.130232886996964,5.245241165161133,256,3,14,0,0.334526002407074,0.0,"expected black computer keyboard>=1, found 0 black; and 1 brown",a photo of a blue cow and a black computer keyboard,color_attr
505,ours,1,0.004239970352500677,41.51589106899701,3.222968892001518,5.372836112976074,247,2,11,0,0.2805737853050232,0.0,"expected red laptop>=1, found 0 red; and 1 pink
expected brown car>=1, found 0 brown; and 1 red",a photo of a red laptop and a brown car,color_attr
505,psp,1,0.2310885190963745,43.478658895997796,4.120964008001465,5.245241165161133,256,3,14,0,0.2860897779464721,0.0,"expected red laptop>=1, found 0 red; and 1 pink
expected brown car>=1, found 0 brown; and 1 red",a photo of a red laptop and a brown car,color_attr
507,ours,1,-0.9544445276260376,41.63087568800256,3.2269616090015916,5.372836112976074,247,2,11,0,0.2737590670585632,0.0,"expected green surfboard>=1, found 0 green; and 1 orange
expected oven>=1, found 0",a photo of a green surfboard and an orange oven,color_attr
507,psp,1,-0.9497418403625488,43.55600052800219,4.128911322000931,5.245241165161133,256,3,14,0,0.2741613090038299,0.0,"expected green surfboard>=1, found 0 green; and 1 orange
expected oven>=1, found 0",a photo of a green surfboard and an orange oven,color_attr
509,ours,1,-1.2354674339294434,41.66142014700017,3.227559677001409,5.372836112976074,247,2,11,8,0.2018107771873474,0.0,"expected computer mouse>=1, found 0",a photo of a brown computer mouse and a purple bottle,color_attr
509,psp,1,-0.5351235270500183,43.62653924299957,4.134622361001675,5.245241165161133,256,3,14,0,0.1980296373367309,0.0,"expected bottle>=1, found 0",a photo of a brown computer mouse and a purple bottle,color_attr
511,ours,1,0.7734683156013489,41.57485955700031,3.229086080998968,5.372836112976074,247,2,11,6,0.2800109386444092,0.0,"expected black cell phone>=1, found 0 black; and 1 white",a photo of a red giraffe and a black cell phone,color_attr
511,psp,1,0.8050110340118408,43.64353659999688,4.127574852998805,5.245241165161133,256,3,14,6,0.2800562083721161,0.0,"expected black cell phone>=1, found 0 black; and 1 white",a photo of a red giraffe and a black cell phone,color_attr
513,ours,1,1.60625159740448,41.585764551000466,3.224171825000667,5.372836112976074,247,2,11,6,0.2695699334144592,0.0,"expected baseball bat>=1, found 0
expected pink book>=1, found 0 pink; and 1 blue",a photo of a blue baseball bat and a pink book,color_attr
513,psp,1,1.0509816408157349,43.61863821999941,4.133771311000601,5.245241165161133,256,3,14,5,0.2322748005390167,0.0,"expected baseball bat>=1, found 0
expected book>=1, found 0",a photo of a blue baseball bat and a pink book,color_attr
515,ours,1,1.0204848051071167,41.690668915998685,3.2327602469995327,5.372836112976074,247,2,11,4,0.3091205060482025,0.0,"expected brown bus>=1, found 0 brown; and 1 yellow",a photo of a yellow suitcase and a brown bus,color_attr
515,psp,1,1.025154948234558,43.63901342299869,4.1286908610018145,5.245241165161133,256,3,14,4,0.3092101514339447,0.0,"expected brown bus>=1, found 0 brown; and 1 yellow",a photo of a yellow suitcase and a brown bus,color_attr
517,ours,1,0.09818681329488754,41.620764070001314,3.2457215480026207,5.372836112976074,247,2,11,4,0.2776543200016022,0.0,"expected orange giraffe>=1, found 0 orange; and 1 brown
expected baseball glove>=1, found 0",a photo of an orange giraffe and a white baseball glove,color_attr
517,psp,1,-0.13007359206676483,43.68010045199844,4.15248077400247,5.245241165161133,256,3,14,1,0.2401504665613174,0.0,"expected giraffe>=1, found 0
expected baseball glove>=1, found 0",a photo of an orange giraffe and a white baseball glove,color_attr
519,ours,1,1.5284031629562378,41.60202365200166,3.231767959001445,5.372836112976074,247,2,11,4,0.2872350513935089,1.0,,a photo of a black bottle and a white refrigerator,color_attr
519,psp,1,1.5072054862976074,43.648823764000554,4.136442315004388,5.245241165161133,256,3,14,4,0.287619411945343,1.0,,a photo of a black bottle and a white refrigerator,color_attr
521,ours,1,1.5654847621917725,41.62506886900155,3.2325521249986195,5.372836112976074,247,2,11,6,0.273988127708435,0.0,"expected red car>=1, found 0 red; and 1 orange",a photo of an orange handbag and a red car,color_attr
521,psp,1,1.5420790910720825,43.557310607000545,4.133254276002845,5.245241165161133,256,3,14,6,0.2747531533241272,0.0,"expected red car>=1, found 0 red; and 1 orange",a photo of an orange handbag and a red car,color_attr
523,ours,1,1.0677629709243774,41.67486435200044,3.2424796300001617,5.372836112976074,247,2,11,1,0.2347204536199569,0.0,"expected yellow car>=1, found 0 yellow; and 1 orange",a photo of a yellow car and an orange toothbrush,color_attr
523,psp,1,1.03700852394104,43.592674884999724,4.143934554002044,5.245241165161133,256,3,14,1,0.234871968626976,0.0,"expected yellow car>=1, found 0 yellow; and 1 orange",a photo of a yellow car and an orange toothbrush,color_attr
525,ours,1,1.7431590557098389,41.931604989000334,3.2646925559965894,5.372836112976074,247,2,11,6,0.2981444597244262,1.0,,a photo of a brown dining table and a white suitcase,color_attr
525,psp,1,1.7444640398025513,43.871448186000634,4.171673966004164,5.245241165161133,256,3,14,6,0.2983545958995819,1.0,,a photo of a brown dining table and a white suitcase,color_attr
527,ours,1,-1.39500892162323,41.78613232399948,3.245473054001195,5.372836112976074,247,2,11,8,0.266001433134079,0.0,"expected boat>=1, found 0",a photo of a green suitcase and a blue boat,color_attr
527,psp,1,-1.3224142789840698,43.94062828499955,4.179083572995296,5.245241165161133,256,3,14,3,0.2496686726808548,0.0,"expected blue boat>=1, found 0 blue; and 1 green",a photo of a green suitcase and a blue boat,color_attr
529,ours,1,1.5664772987365723,41.94829536600082,3.2699106479994953,5.372836112976074,247,2,11,8,0.2808881402015686,0.0,"expected red chair>=1, found 0 red; and 1 pink",a photo of a purple computer keyboard and a red chair,color_attr
529,psp,1,0.1976529359817505,43.75466848100041,4.148184605001006,5.245241165161133,256,3,14,5,0.2793602347373962,0.0,"expected red chair>=1, found 0 red; and 1 pink",a photo of a purple computer keyboard and a red chair,color_attr
531,ours,1,1.8844151496887207,41.46530499599976,3.2173719449965574,5.372836112976074,247,2,11,8,0.3164048790931701,1.0,,a photo of a white bottle and a blue sheep,color_attr
531,psp,1,1.8657392263412476,43.61796081899956,4.13369614599651,5.245241165161133,256,3,14,4,0.2843656837940216,1.0,,a photo of a white bottle and a blue sheep,color_attr
533,ours,1,1.9056127071380615,41.86919167799715,3.253088270997978,5.372836112976074,247,2,11,7,0.2824369072914123,0.0,"expected orange potted plant>=1, found 0 orange; and 1 green",a photo of an orange potted plant and a black spoon,color_attr
533,psp,1,1.9037717580795288,43.51183267500164,4.135570880000159,5.245241165161133,256,3,14,7,0.2822354137897491,0.0,"expected orange potted plant>=1, found 0 orange; and 1 green",a photo of an orange potted plant and a black spoon,color_attr
535,ours,1,1.8714072704315186,41.85814313699666,3.2571402999965358,5.372836112976074,247,2,11,4,0.2860057950019836,0.0,"expected blue refrigerator>=1, found 0 blue; and 1 white",a photo of a yellow handbag and a blue refrigerator,color_attr
535,psp,1,1.87717866897583,43.98088667999764,4.181062096999085,5.245241165161133,256,3,14,4,0.2852525413036346,0.0,"expected blue refrigerator>=1, found 0 blue; and 1 white",a photo of a yellow handbag and a blue refrigerator,color_attr
537,ours,1,1.5640779733657837,41.810811671999545,3.2401422090006236,5.372836112976074,247,2,11,6,0.2910346984863281,0.0,"expected pink sink>=1, found 0 pink; and 1 red",a photo of a red bowl and a pink sink,color_attr
537,psp,1,1.5819064378738403,43.8680928649992,4.149986365002405,5.245241165161133,256,3,14,6,0.291218638420105,0.0,"expected red bowl>=1, found 0 red; and 1 pink
expected pink sink>=1, found 0 pink; and 1 red",a photo of a red bowl and a pink sink,color_attr
539,ours,1,-0.5014455914497375,41.84596718800094,3.253141138000501,5.372836112976074,247,2,11,2,0.2590404152870178,0.0,"expected sandwich>=1, found 0",a photo of a pink dining table and a black sandwich,color_attr
539,psp,1,0.0985598936676979,43.798209659998975,4.153472974998294,5.245241165161133,256,3,14,4,0.2267971783876419,0.0,"expected sandwich>=1, found 0",a photo of a pink dining table and a black sandwich,color_attr
541,ours,1,1.7774901390075684,41.74334273999921,3.248478227003943,5.372836112976074,247,2,11,3,0.3382728695869446,0.0,"expected black motorcycle>=1, found 0 black; and 1 yellow",a photo of a yellow bird and a black motorcycle,color_attr
541,psp,1,1.7530224323272705,43.773014669000986,4.17234925899902,5.245241165161133,256,3,14,3,0.339553952217102,0.0,"expected black motorcycle>=1, found 0 black; and 1 yellow",a photo of a yellow bird and a black motorcycle,color_attr
543,ours,1,-1.4347238540649414,41.73908725500223,3.2409501030015235,5.372836112976074,247,2,11,5,0.2542169094085693,0.0,"expected banana>=1, found 0
expected black elephant>=1, found 0 black; and 1 purple",a photo of a white banana and a black elephant,color_attr
543,psp,1,-1.4288259744644165,43.77857367800243,4.149916520000261,5.245241165161133,256,3,14,5,0.2539569139480591,0.0,"expected banana>=1, found 0
expected black elephant>=1, found 0 black; and 1 purple",a photo of a white banana and a black elephant,color_attr
545,ours,1,0.6938337087631226,41.739123586998176,3.24446793399693,5.372836112976074,247,2,11,8,0.28485307097435,1.0,,a photo of a red clock and a black cell phone,color_attr
545,psp,1,-0.433200478553772,43.74728571999731,4.143278619998455,5.245241165161133,256,3,14,6,0.2847612798213959,0.0,"expected red clock>=1, found 0 red; and 1 black
expected black cell phone>=1, found 0 black; and 1 blue",a photo of a red clock and a black cell phone,color_attr
547,ours,1,1.0636802911758423,41.79742599100064,3.2410055020009167,5.372836112976074,247,2,11,0,0.2530330717563629,1.0,,a photo of a red cup and a pink handbag,color_attr
547,psp,1,1.664844036102295,43.8116546199999,4.155079338001087,5.245241165161133,256,3,14,1,0.2338013350963592,0.0,"expected red cup>=1, found 0 red; and 1 pink",a photo of a red cup and a pink handbag,color_attr
549,ours,1,1.1229723691940308,41.79268103600043,3.240773942001397,5.372836112976074,247,2,11,0,0.2922801375389099,0.0,"expected red orange>=1, found 0 red; and 1 pink
expected purple broccoli>=1, found 0 purple; and 1 green",a photo of a red orange and a purple broccoli,color_attr
549,psp,1,1.1398506164550781,43.85686876199907,4.15799016100209,5.245241165161133,256,3,14,0,0.2924388945102691,0.0,"expected red orange>=1, found 0 red; and 1 pink
expected purple broccoli>=1, found 0 purple; and 1 green",a photo of a red orange and a purple broccoli,color_attr
551,ours,1,1.3058600425720215,41.78147408299992,3.2475629149957967,5.372836112976074,247,2,11,3,0.2786712050437927,0.0,"expected red pizza>=1, found 0 red; and 1 green",a photo of a green cup and a red pizza,color_attr
551,psp,1,1.2834625244140625,43.76950532299816,4.146295938004187,5.245241165161133,256,3,14,3,0.2775917053222656,0.0,"expected red pizza>=1, found 0 red; and 1 green",a photo of a green cup and a red pizza,color_attr
